Liczba wypadków,Liczba zabitych,Liczba rannych,Rok,Warunki atmosferyczne,Rodzaj zdarzenia,Warunki atmosferyczne,Oświetlenie,Charakterystyka miejsca zdarzenia,IDKSIP zdarzenia,Godzina,Dzień,Ranny,GPS x,GPS y,Numer drogi,Obszar,Geometria drogi,Kategoria drogi 1,Rodzaj drogi,Czy w zdarzeniu był sprawca nietrzeźwy,Powiat,Gmina
1,0,1,2017,Opady deszczu,Najechanie na pieszego,Opady deszczu,Noc - droga oświetlona,Przejście dla pieszych,EWK-106448825U,18,2017-10-05,Lekko,20*25'595,52*03'198,GMINNA,Obszar zabudowany,Odcinek prosty,Droga gminna,Jednojezdniowa dwukierunkowa,N,POWIAT ŻYRARDOWSKI,ŻYRARDÓW - OBSZAR MIEJSKI
1,0,0,2017,Opady deszczu,Najechanie na pieszego,Opady deszczu,Noc - droga oświetlona,Przejście dla pieszych,EWK-106448825U,18,2017-10-05,Nieokreślone (puste pole),20*25'595,52*03'198,GMINNA,Obszar zabudowany,Odcinek prosty,Droga gminna,Jednojezdniowa dwukierunkowa,N,POWIAT ŻYRARDOWSKI,ŻYRARDÓW - OBSZAR MIEJSKI
1,0,1,2017,Opady deszczu,Najechanie na pieszego,Opady deszczu,Noc - droga oświetlona,Przejście dla pieszych,EWK-106449009K,18,2017-10-05,Lekko,22*17'473,52*09'191,,Obszar zabudowany,Odcinek prosty,Nieokreślone (puste pole),Jednojezdniowa dwukierunkowa,N,POWIAT SIEDLCE,SIEDLCE - OBSZAR MIEJSKI
1,0,0,2017,Opady deszczu,Najechanie na pieszego,Opady deszczu,Noc - droga oświetlona,Przejście dla pieszych,EWK-106449009K,18,2017-10-05,Nieokreślone (puste pole),22*17'473,52*09'191,,Obszar zabudowany,Odcinek prosty,Nieokreślone (puste pole),Jednojezdniowa dwukierunkowa,N,POWIAT SIEDLCE,SIEDLCE - OBSZAR MIEJSKI
1,0,1,2017,Opady deszczu,Najechanie na pieszego,Opady deszczu,Noc - droga oświetlona,Przejście dla pieszych,EWK-106456337H,5,2017-10-10,Ciężko,22*16'101,52*09'509,803,Obszar zabudowany,Odcinek prosty,Droga wojewódzka,Jednojezdniowa dwukierunkowa,N,POWIAT SIEDLCE,SIEDLCE - OBSZAR MIEJSKI
1,0,0,2017,Opady deszczu,Najechanie na pieszego,Opady deszczu,Noc - droga oświetlona,Przejście dla pieszych,EWK-106456337H,5,2017-10-10,Nieokreślone (puste pole),22*16'101,52*09'509,803,Obszar zabudowany,Odcinek prosty,Droga wojewódzka,Jednojezdniowa dwukierunkowa,N,POWIAT SIEDLCE,SIEDLCE - OBSZAR MIEJSKI
1,0,1,2017,Opady deszczu,Najechanie na pieszego,Opady deszczu,Noc - droga oświetlona,Przejście dla pieszych,EWK-106510697D,18,2017-10-23,Lekko,21*08'577,51*22'578,GMINNA,Obszar zabudowany,Odcinek prosty,Droga gminna,Jednojezdniowa dwukierunkowa,N,POWIAT RADOM,RADOM - OBSZAR MIEJSKI
1,0,0,2017,Opady deszczu,Najechanie na pieszego,Opady deszczu,Noc - droga oświetlona,Przejście dla pieszych,EWK-106510697D,18,2017-10-23,Nieokreślone (puste pole),21*08'577,51*22'578,GMINNA,Obszar zabudowany,Odcinek prosty,Droga gminna,Jednojezdniowa dwukierunkowa,N,POWIAT RADOM,RADOM - OBSZAR MIEJSKI
1,0,1,2017,Opady deszczu,Najechanie na pieszego,Opady deszczu,Noc - droga oświetlona,Przejście dla pieszych,EWK-106510721E,19,2017-10-23,Lekko,21*08'340,51*24'323,P5305W,Obszar zabudowany,,Droga powiatowa,Dwie jezdnie jednokierunkowe,N,POWIAT RADOM,RADOM - OBSZAR MIEJSKI
1,0,0,2017,Opady deszczu,Najechanie na pieszego,Opady deszczu,Noc - droga oświetlona,Przejście dla pieszych,EWK-106510721E,19,2017-10-23,Nieokreślone (puste pole),21*08'340,51*24'323,P5305W,Obszar zabudowany,,Droga powiatowa,Dwie jezdnie jednokierunkowe,N,POWIAT RADOM,RADOM - OBSZAR MIEJSKI
1,0,1,2017,Opady deszczu,Najechanie na pieszego,Opady deszczu,Noc - droga oświetlona,Przejście dla pieszych,EWK-106515114C,17,2017-11-01,Lekko,22*01'572,52*23'586,62,Obszar zabudowany,,Droga krajowa,Jednojezdniowa dwukierunkowa,N,POWIAT WĘGROWSKI,WĘGRÓW - OBSZAR MIEJSKI
1,0,0,2017,Opady deszczu,Najechanie na pieszego,Opady deszczu,Noc - droga oświetlona,Przejście dla pieszych,EWK-106515114C,17,2017-11-01,Nieokreślone (puste pole),22*01'572,52*23'586,62,Obszar zabudowany,,Droga krajowa,Jednojezdniowa dwukierunkowa,N,POWIAT WĘGROWSKI,WĘGRÓW - OBSZAR MIEJSKI
1,1,0,2017,Opady deszczu,Najechanie na pieszego,Opady deszczu,Noc - droga oświetlona,Przejście dla pieszych,EWK-106534377K,19,2017-11-10,Nieokreślone (puste pole),21*25'496,52*35'190,62,Obszar zabudowany,Odcinek prosty,Droga krajowa,Jednojezdniowa dwukierunkowa,N,POWIAT WYSZKOWSKI,WYSZKÓW - OBSZAR MIEJSKI
1,0,1,2017,Opady deszczu,Najechanie na pieszego,Opady deszczu,Noc - droga oświetlona,Przejście dla pieszych,EWK-106535963T,19,2017-11-11,Lekko,20*42'301,52*20'485,92,Obszar zabudowany,Odcinek prosty,Droga krajowa,Jednojezdniowa dwukierunkowa,N,POWIAT SOCHACZEWSKI,TERESIN - OBSZAR WIEJSKI
1,0,0,2017,Opady deszczu,Najechanie na pieszego,Opady deszczu,Noc - droga oświetlona,Przejście dla pieszych,EWK-106535963T,19,2017-11-11,Nieokreślone (puste pole),20*42'301,52*20'485,92,Obszar zabudowany,Odcinek prosty,Droga krajowa,Jednojezdniowa dwukierunkowa,N,POWIAT SOCHACZEWSKI,TERESIN - OBSZAR WIEJSKI
1,0,1,2017,Opady deszczu,Najechanie na pieszego,Opady deszczu,Noc - droga oświetlona,Przejście dla pieszych,EWK-106586965N,17,2017-11-28,Ciężko,19*40'153,52*50'478,560,Obszar zabudowany,,Droga wojewódzka,Jednojezdniowa dwukierunkowa,N,POWIAT SIERPECKI,SIERPC - OBSZAR MIEJSKI
1,0,0,2017,Opady deszczu,Najechanie na pieszego,Opady deszczu,Noc - droga oświetlona,Przejście dla pieszych,EWK-106586965N,17,2017-11-28,Nieokreślone (puste pole),19*40'153,52*50'478,560,Obszar zabudowany,,Droga wojewódzka,Jednojezdniowa dwukierunkowa,N,POWIAT SIERPECKI,SIERPC - OBSZAR MIEJSKI
1,0,1,2017,Opady deszczu,Najechanie na pieszego,Opady deszczu,Noc - droga oświetlona,Przejście dla pieszych,EWK-106591574E,16,2017-12-02,Lekko,22*23'699,52*40'509,P3954W,Obszar zabudowany,Odcinek prosty,Droga powiatowa,Jednojezdniowa dwukierunkowa,N,POWIAT SOKOŁOWSKI,SOKOŁÓW PODLASKI - OBSZAR MIEJSKI
1,0,0,2017,Opady deszczu,Najechanie na pieszego,Opady deszczu,Noc - droga oświetlona,Przejście dla pieszych,EWK-106591574E,16,2017-12-02,Nieokreślone (puste pole),22*23'699,52*40'509,P3954W,Obszar zabudowany,Odcinek prosty,Droga powiatowa,Jednojezdniowa dwukierunkowa,N,POWIAT SOKOŁOWSKI,SOKOŁÓW PODLASKI - OBSZAR MIEJSKI
1,0,1,2017,Opady deszczu,Najechanie na pieszego,Opady deszczu,Noc - droga oświetlona,Przejście dla pieszych,EWK-106600261U,16,2017-12-05,Lekko,20*33'260,52*47'169,G120992W,Obszar zabudowany,Odcinek prosty,Droga gminna,Jednojezdniowa dwukierunkowa,N,POWIAT CIECHANOWSKI,SOŃSK - OBSZAR WIEJSKI
1,0,0,2017,Opady deszczu,Najechanie na pieszego,Opady deszczu,Noc - droga oświetlona,Przejście dla pieszych,EWK-106600261U,16,2017-12-05,Nieokreślone (puste pole),20*33'260,52*47'169,G120992W,Obszar zabudowany,Odcinek prosty,Droga gminna,Jednojezdniowa dwukierunkowa,N,POWIAT CIECHANOWSKI,SOŃSK - OBSZAR WIEJSKI
1,0,1,2017,Opady deszczu,Najechanie na pieszego,Opady deszczu,Noc - droga oświetlona,Przejście dla pieszych,EWK-106601841W,17,2017-12-06,Ciężko,21*09'465,51*25'065,P5301W,Obszar zabudowany,Odcinek prosty,Droga powiatowa,Dwie jezdnie jednokierunkowe,N,POWIAT RADOM,RADOM - OBSZAR MIEJSKI
1,0,0,2017,Opady deszczu,Najechanie na pieszego,Opady deszczu,Noc - droga oświetlona,Przejście dla pieszych,EWK-106601841W,17,2017-12-06,Nieokreślone (puste pole),21*09'465,51*25'065,P5301W,Obszar zabudowany,Odcinek prosty,Droga powiatowa,Dwie jezdnie jednokierunkowe,N,POWIAT RADOM,RADOM - OBSZAR MIEJSKI
1,0,1,2017,Opady deszczu,Najechanie na pieszego,Opady deszczu,Noc - droga oświetlona,Przejście dla pieszych,EWK-106602780Q,18,2017-12-06,Lekko,21*08'594,51*23'382,P5306W,Obszar zabudowany,Odcinek prosty,Droga powiatowa,Jednojezdniowa dwukierunkowa,N,POWIAT RADOM,RADOM - OBSZAR MIEJSKI
1,0,0,2017,Opady deszczu,Najechanie na pieszego,Opady deszczu,Noc - droga oświetlona,Przejście dla pieszych,EWK-106602780Q,18,2017-12-06,Nieokreślone (puste pole),21*08'594,51*23'382,P5306W,Obszar zabudowany,Odcinek prosty,Droga powiatowa,Jednojezdniowa dwukierunkowa,N,POWIAT RADOM,RADOM - OBSZAR MIEJSKI
1,0,1,2017,Opady deszczu,Najechanie na pieszego,Opady deszczu,Noc - droga oświetlona,Przejście dla pieszych,EWK-106602860L,15,2017-12-06,Ciężko,21*10'212,51*23'211,P5309W,Obszar zabudowany,Odcinek prosty,Droga powiatowa,Jednojezdniowa dwukierunkowa,N,POWIAT RADOM,RADOM - OBSZAR MIEJSKI
1,0,0,2017,Opady deszczu,Najechanie na pieszego,Opady deszczu,Noc - droga oświetlona,Przejście dla pieszych,EWK-106602860L,15,2017-12-06,Nieokreślone (puste pole),21*10'212,51*23'211,P5309W,Obszar zabudowany,Odcinek prosty,Droga powiatowa,Jednojezdniowa dwukierunkowa,N,POWIAT RADOM,RADOM - OBSZAR MIEJSKI
1,0,1,2017,Opady deszczu,Najechanie na pieszego,Opady deszczu,Noc - droga oświetlona,Przejście dla pieszych,EWK-106630855J,17,2017-12-14,Ciężko,21*08'520,51*26'038,7,Obszar zabudowany,,Droga krajowa,Dwie jezdnie jednokierunkowe,T,POWIAT RADOM,RADOM - OBSZAR MIEJSKI
1,0,0,2017,Opady deszczu,Najechanie na pieszego,Opady deszczu,Noc - droga oświetlona,Przejście dla pieszych,EWK-106630855J,17,2017-12-14,Nieokreślone (puste pole),21*08'520,51*26'038,7,Obszar zabudowany,,Droga krajowa,Dwie jezdnie jednokierunkowe,T,POWIAT RADOM,RADOM - OBSZAR MIEJSKI
1,0,1,2017,Opady deszczu,Najechanie na pieszego,Opady deszczu,Noc - droga oświetlona,Przejście dla pieszych,EWK-106630861L,16,2017-12-14,Ciężko,21*06'413,51*23'569,7,Obszar zabudowany,Odcinek prosty,Droga krajowa,Jednojezdniowa dwukierunkowa,N,POWIAT RADOM,RADOM - OBSZAR MIEJSKI
1,0,0,2017,Opady deszczu,Najechanie na pieszego,Opady deszczu,Noc - droga oświetlona,Przejście dla pieszych,EWK-106630861L,16,2017-12-14,Nieokreślone (puste pole),21*06'413,51*23'569,7,Obszar zabudowany,Odcinek prosty,Droga krajowa,Jednojezdniowa dwukierunkowa,N,POWIAT RADOM,RADOM - OBSZAR MIEJSKI
1,0,1,2017,Opady deszczu,Najechanie na pieszego,Opady deszczu,Noc - droga oświetlona,Przejście dla pieszych,EWK-106631397F,15,2017-12-21,Lekko,21*9'459,51*23'590,P5304W  ,Obszar zabudowany,,Droga powiatowa,Jednojezdniowa dwukierunkowa,N,POWIAT RADOM,RADOM - OBSZAR MIEJSKI
1,0,0,2017,Opady deszczu,Najechanie na pieszego,Opady deszczu,Noc - droga oświetlona,Przejście dla pieszych,EWK-106631397F,15,2017-12-21,Nieokreślone (puste pole),21*9'459,51*23'590,P5304W  ,Obszar zabudowany,,Droga powiatowa,Jednojezdniowa dwukierunkowa,N,POWIAT RADOM,RADOM - OBSZAR MIEJSKI
1,0,1,2017,Opady deszczu,Najechanie na pieszego,Opady deszczu,Noc - droga oświetlona,Przejście dla pieszych,EWK-106631672C,5,2017-12-22,Lekko,21*09'278,51*22'471,P3539W,Obszar zabudowany,,Droga powiatowa,Jednojezdniowa dwukierunkowa,N,POWIAT RADOM,RADOM - OBSZAR MIEJSKI
1,0,0,2017,Opady deszczu,Najechanie na pieszego,Opady deszczu,Noc - droga oświetlona,Przejście dla pieszych,EWK-106631672C,5,2017-12-22,Nieokreślone (puste pole),21*09'278,51*22'471,P3539W,Obszar zabudowany,,Droga powiatowa,Jednojezdniowa dwukierunkowa,N,POWIAT RADOM,RADOM - OBSZAR MIEJSKI
1,0,1,2017,Opady deszczu,Najechanie na pieszego,Opady deszczu,Noc - droga oświetlona,Przejście dla pieszych,EWK-106633246F,18,2017-12-21,Lekko,21*32'584,51*35'117,79,Obszar zabudowany,Odcinek prosty,Droga krajowa,Jednojezdniowa dwukierunkowa,N,POWIAT KOZIENICKI,KOZIENICE - OBSZAR MIEJSKI
1,0,0,2017,Opady deszczu,Najechanie na pieszego,Opady deszczu,Noc - droga oświetlona,Przejście dla pieszych,EWK-106633246F,18,2017-12-21,Nieokreślone (puste pole),21*32'584,51*35'117,79,Obszar zabudowany,Odcinek prosty,Droga krajowa,Jednojezdniowa dwukierunkowa,N,POWIAT KOZIENICKI,KOZIENICE - OBSZAR MIEJSKI
1,0,1,2017,Opady deszczu,Najechanie na pieszego,Opady deszczu,Światło dzienne,"Chodnik, droga dla pieszych",EWK-105686732D,8,2017-03-21,Lekko,20*37'452,52*52'461,G121182W,Obszar zabudowany,Odcinek prosty,Droga gminna,Jednojezdniowa dwukierunkowa,N,POWIAT CIECHANOWSKI,CIECHANÓW - OBSZAR MIEJSKI
1,0,0,2017,Opady deszczu,Najechanie na pieszego,Opady deszczu,Światło dzienne,"Chodnik, droga dla pieszych",EWK-105686732D,8,2017-03-21,Nieokreślone (puste pole),20*37'452,52*52'461,G121182W,Obszar zabudowany,Odcinek prosty,Droga gminna,Jednojezdniowa dwukierunkowa,N,POWIAT CIECHANOWSKI,CIECHANÓW - OBSZAR MIEJSKI
1,0,1,2017,Opady deszczu,Najechanie na pieszego,Opady deszczu,Światło dzienne,Jezdnia,EWK-105483874K,13,2017-02-26,Ciężko,20*16'242,52*15'245,705,Obszar zabudowany,Odcinek prosty,Droga wojewódzka,Jednojezdniowa dwukierunkowa,N,POWIAT SOCHACZEWSKI,SOCHACZEW - OBSZAR MIEJSKI
1,0,0,2017,Opady deszczu,Najechanie na pieszego,Opady deszczu,Światło dzienne,Jezdnia,EWK-105483874K,13,2017-02-26,Nieokreślone (puste pole),20*16'242,52*15'245,705,Obszar zabudowany,Odcinek prosty,Droga wojewódzka,Jednojezdniowa dwukierunkowa,N,POWIAT SOCHACZEWSKI,SOCHACZEW - OBSZAR MIEJSKI
1,0,1,2017,Opady deszczu,Najechanie na pieszego,Opady deszczu,Światło dzienne,Jezdnia,EWK-105785187G,8,2017-04-28,Lekko,20*59'584,51*18'293,G400401W,Obszar zabudowany,Odcinek prosty,Droga gminna,Jednojezdniowa dwukierunkowa,N,POWIAT SZYDŁOWIECKI,OROŃSKO - OBSZAR WIEJSKI
1,0,0,2017,Opady deszczu,Najechanie na pieszego,Opady deszczu,Światło dzienne,Jezdnia,EWK-105785187G,8,2017-04-28,Nieokreślone (puste pole),20*59'584,51*18'293,G400401W,Obszar zabudowany,Odcinek prosty,Droga gminna,Jednojezdniowa dwukierunkowa,N,POWIAT SZYDŁOWIECKI,OROŃSKO - OBSZAR WIEJSKI
1,0,1,2017,Opady deszczu,Najechanie na pieszego,Opady deszczu,Światło dzienne,Jezdnia,EWK-106376062K,11,2017-09-12,Ciężko,20*17'133,52*07'425,P4706W,Obszar zabudowany,Odcinek prosty,Droga powiatowa,Jednojezdniowa dwukierunkowa,N,POWIAT ŻYRARDOWSKI,WISKITKI - OBSZAR WIEJSKI
1,0,0,2017,Opady deszczu,Najechanie na pieszego,Opady deszczu,Światło dzienne,Jezdnia,EWK-106376062K,11,2017-09-12,Nieokreślone (puste pole),20*17'133,52*07'425,P4706W,Obszar zabudowany,Odcinek prosty,Droga powiatowa,Jednojezdniowa dwukierunkowa,N,POWIAT ŻYRARDOWSKI,WISKITKI - OBSZAR WIEJSKI
1,0,1,2017,Opady deszczu,Najechanie na pieszego,Opady deszczu,Światło dzienne,Jezdnia,EWK-106445704A,17,2017-10-05,Ciężko,20*20'126,52*07'032,50,Obszar zabudowany,Odcinek prosty,Droga krajowa,Jednojezdniowa dwukierunkowa,T,POWIAT ŻYRARDOWSKI,WISKITKI - OBSZAR WIEJSKI
1,0,0,2017,Opady deszczu,Najechanie na pieszego,Opady deszczu,Światło dzienne,Jezdnia,EWK-106445704A,17,2017-10-05,Nieokreślone (puste pole),20*20'126,52*07'032,50,Obszar zabudowany,Odcinek prosty,Droga krajowa,Jednojezdniowa dwukierunkowa,T,POWIAT ŻYRARDOWSKI,WISKITKI - OBSZAR WIEJSKI
1,0,1,2017,Opady deszczu,Najechanie na pieszego,Opady deszczu,Światło dzienne,Jezdnia,EWK-106461900U,9,2017-10-11,Ciężko,21*11'204,51*46'510,730,Obszar zabudowany,Odcinek prosty,Droga wojewódzka,Jednojezdniowa dwukierunkowa,N,POWIAT GRÓJECKI,WARKA - OBSZAR MIEJSKI
1,0,0,2017,Opady deszczu,Najechanie na pieszego,Opady deszczu,Światło dzienne,Jezdnia,EWK-106461900U,9,2017-10-11,Nieokreślone (puste pole),21*11'204,51*46'510,730,Obszar zabudowany,Odcinek prosty,Droga wojewódzka,Jednojezdniowa dwukierunkowa,N,POWIAT GRÓJECKI,WARKA - OBSZAR MIEJSKI
1,0,1,2017,Opady deszczu,Najechanie na pieszego,Opady deszczu,Światło dzienne,Jezdnia,EWK-106482470E,17,2017-10-09,Ciężko,22*16'174,52*10'061,P0244T,Obszar zabudowany,Odcinek prosty,Droga powiatowa,Jednojezdniowa dwukierunkowa,N,POWIAT SIEDLCE,SIEDLCE - OBSZAR MIEJSKI
1,0,0,2017,Opady deszczu,Najechanie na pieszego,Opady deszczu,Światło dzienne,Jezdnia,EWK-106482470E,17,2017-10-09,Nieokreślone (puste pole),22*16'174,52*10'061,P0244T,Obszar zabudowany,Odcinek prosty,Droga powiatowa,Jednojezdniowa dwukierunkowa,N,POWIAT SIEDLCE,SIEDLCE - OBSZAR MIEJSKI
1,0,1,2017,Opady deszczu,Najechanie na pieszego,Opady deszczu,Światło dzienne,Przejście dla pieszych,EWK-105774771L,13,2017-04-26,Lekko,21*09'309,51*22'556,P3539W,Obszar zabudowany,Odcinek prosty,Droga powiatowa,Dwie jezdnie jednokierunkowe,N,POWIAT RADOM,RADOM - OBSZAR MIEJSKI
1,0,0,2017,Opady deszczu,Najechanie na pieszego,Opady deszczu,Światło dzienne,Przejście dla pieszych,EWK-105774771L,13,2017-04-26,Nieokreślone (puste pole),21*09'309,51*22'556,P3539W,Obszar zabudowany,Odcinek prosty,Droga powiatowa,Dwie jezdnie jednokierunkowe,N,POWIAT RADOM,RADOM - OBSZAR MIEJSKI
1,0,1,2017,Opady deszczu,Najechanie na pieszego,Opady deszczu,Światło dzienne,Przejście dla pieszych,EWK-105781895K,13,2017-04-26,Lekko,22*17'200,52*10'188,63,Obszar zabudowany,Odcinek prosty,Droga krajowa,Jednojezdniowa dwukierunkowa,N,POWIAT SIEDLCE,SIEDLCE - OBSZAR MIEJSKI
1,0,0,2017,Opady deszczu,Najechanie na pieszego,Opady deszczu,Światło dzienne,Przejście dla pieszych,EWK-105781895K,13,2017-04-26,Nieokreślone (puste pole),22*17'200,52*10'188,63,Obszar zabudowany,Odcinek prosty,Droga krajowa,Jednojezdniowa dwukierunkowa,N,POWIAT SIEDLCE,SIEDLCE - OBSZAR MIEJSKI
1,0,1,2017,Opady deszczu,Najechanie na pieszego,Opady deszczu,Światło dzienne,Przejście dla pieszych,EWK-106019726D,15,2017-06-12,Lekko,19*41'256,52*33'107,5210W,Obszar zabudowany,,Droga powiatowa,Jednojezdniowa dwukierunkowa,N,POWIAT PŁOCK,PŁOCK - OBSZAR MIEJSKI
1,0,0,2017,Opady deszczu,Najechanie na pieszego,Opady deszczu,Światło dzienne,Przejście dla pieszych,EWK-106019726D,15,2017-06-12,Nieokreślone (puste pole),19*41'256,52*33'107,5210W,Obszar zabudowany,,Droga powiatowa,Jednojezdniowa dwukierunkowa,N,POWIAT PŁOCK,PŁOCK - OBSZAR MIEJSKI
1,0,1,2017,Opady deszczu,Najechanie na pieszego,Opady deszczu,Światło dzienne,Przejście dla pieszych,EWK-106166895D,18,2017-06-29,Ciężko,21*07'369,51*28'530,7,Obszar niezabudowany,Odcinek prosty,Droga krajowa,Dwie jezdnie jednokierunkowe,N,POWIAT RADOMSKI,JEDLIŃSK - OBSZAR WIEJSKI
1,0,2,2017,Opady deszczu,Najechanie na pieszego,Opady deszczu,Światło dzienne,Przejście dla pieszych,EWK-106166895D,18,2017-06-29,Lekko,21*07'369,51*28'530,7,Obszar niezabudowany,Odcinek prosty,Droga krajowa,Dwie jezdnie jednokierunkowe,N,POWIAT RADOMSKI,JEDLIŃSK - OBSZAR WIEJSKI
1,0,0,2017,Opady deszczu,Najechanie na pieszego,Opady deszczu,Światło dzienne,Przejście dla pieszych,EWK-106166895D,18,2017-06-29,Nieokreślone (puste pole),21*07'369,51*28'530,7,Obszar niezabudowany,Odcinek prosty,Droga krajowa,Dwie jezdnie jednokierunkowe,N,POWIAT RADOMSKI,JEDLIŃSK - OBSZAR WIEJSKI
1,0,1,2017,Opady deszczu,Najechanie na pieszego,Opady deszczu,Światło dzienne,Przejście dla pieszych,EWK-106170046Y,19,2017-07-01,Ciężko,19*32'132,52*27'060,S60G,Obszar niezabudowany,Odcinek prosty,Droga krajowa,Ekspresowa,N,POWIAT GOSTYNIŃSKI,GOSTYNIN - OBSZAR WIEJSKI
1,0,0,2017,Opady deszczu,Najechanie na pieszego,Opady deszczu,Światło dzienne,Przejście dla pieszych,EWK-106170046Y,19,2017-07-01,Nieokreślone (puste pole),19*32'132,52*27'060,S60G,Obszar niezabudowany,Odcinek prosty,Droga krajowa,Ekspresowa,N,POWIAT GOSTYNIŃSKI,GOSTYNIN - OBSZAR WIEJSKI
1,0,1,2017,Opady deszczu,Najechanie na pieszego,Opady deszczu,Światło dzienne,Przejście dla pieszych,EWK-106281434T,14,2017-07-25,Lekko,21*09'383,51*23'462,P5304W  ,Obszar zabudowany,Odcinek prosty,Droga powiatowa,Jednojezdniowa dwukierunkowa,N,POWIAT RADOM,RADOM - OBSZAR MIEJSKI
1,0,0,2017,Opady deszczu,Najechanie na pieszego,Opady deszczu,Światło dzienne,Przejście dla pieszych,EWK-106281434T,14,2017-07-25,Nieokreślone (puste pole),21*09'383,51*23'462,P5304W  ,Obszar zabudowany,Odcinek prosty,Droga powiatowa,Jednojezdniowa dwukierunkowa,N,POWIAT RADOM,RADOM - OBSZAR MIEJSKI
1,0,1,2017,Opady deszczu,Najechanie na pieszego,Opady deszczu,Światło dzienne,Przejście dla pieszych,EWK-106361716D,9,2017-09-05,Lekko,21*09'069,51*23'502,P5320W,Obszar zabudowany,Odcinek prosty,Droga powiatowa,Jednojezdniowa dwukierunkowa,N,POWIAT RADOM,RADOM - OBSZAR MIEJSKI
1,0,0,2017,Opady deszczu,Najechanie na pieszego,Opady deszczu,Światło dzienne,Przejście dla pieszych,EWK-106361716D,9,2017-09-05,Nieokreślone (puste pole),21*09'069,51*23'502,P5320W,Obszar zabudowany,Odcinek prosty,Droga powiatowa,Jednojezdniowa dwukierunkowa,N,POWIAT RADOM,RADOM - OBSZAR MIEJSKI
1,0,1,2017,Opady deszczu,Najechanie na pieszego,Opady deszczu,Światło dzienne,Przejście dla pieszych,EWK-106413675A,6,2017-09-20,Ciężko,20*52'312,51*51'534,P0244T,Obszar zabudowany,Odcinek prosty,Droga powiatowa,Jednojezdniowa dwukierunkowa,N,POWIAT GRÓJECKI,GRÓJEC - OBSZAR MIEJSKI
1,0,1,2017,Opady deszczu,Najechanie na pieszego,Opady deszczu,Światło dzienne,Przejście dla pieszych,EWK-106413675A,6,2017-09-20,Lekko,20*52'312,51*51'534,P0244T,Obszar zabudowany,Odcinek prosty,Droga powiatowa,Jednojezdniowa dwukierunkowa,N,POWIAT GRÓJECKI,GRÓJEC - OBSZAR MIEJSKI
1,0,1,2017,Opady deszczu,Najechanie na pieszego,Opady deszczu,Światło dzienne,Przejście dla pieszych,EWK-106414443G,11,2017-09-20,Ciężko,21*10'414,51*23'021,P5309W,Obszar zabudowany,Odcinek prosty,Droga powiatowa,Jednojezdniowa dwukierunkowa,N,POWIAT RADOM,RADOM - OBSZAR MIEJSKI
1,0,0,2017,Opady deszczu,Najechanie na pieszego,Opady deszczu,Światło dzienne,Przejście dla pieszych,EWK-106414443G,11,2017-09-20,Nieokreślone (puste pole),21*10'414,51*23'021,P5309W,Obszar zabudowany,Odcinek prosty,Droga powiatowa,Jednojezdniowa dwukierunkowa,N,POWIAT RADOM,RADOM - OBSZAR MIEJSKI
1,0,1,2017,Opady deszczu,Najechanie na pieszego,Opady deszczu,Światło dzienne,Przejście dla pieszych,EWK-106423345H,11,2017-09-24,Lekko,22*16'463,52*09'556,GMINNA,Obszar zabudowany,Odcinek prosty,Droga gminna,Dwie jezdnie jednokierunkowe,N,POWIAT SIEDLCE,SIEDLCE - OBSZAR MIEJSKI
1,0,0,2017,Opady deszczu,Najechanie na pieszego,Opady deszczu,Światło dzienne,Przejście dla pieszych,EWK-106423345H,11,2017-09-24,Nieokreślone (puste pole),22*16'463,52*09'556,GMINNA,Obszar zabudowany,Odcinek prosty,Droga gminna,Dwie jezdnie jednokierunkowe,N,POWIAT SIEDLCE,SIEDLCE - OBSZAR MIEJSKI
1,0,1,2017,Opady deszczu,Najechanie na pieszego,Opady deszczu,Światło dzienne,Przejście dla pieszych,EWK-106445362T,6,2017-10-05,Lekko,21*31'510,51*35'265,G170854W,Obszar zabudowany,"Zakręt, łuk",Droga gminna,Jednojezdniowa dwukierunkowa,N,POWIAT KOZIENICKI,KOZIENICE - OBSZAR MIEJSKI
1,0,0,2017,Opady deszczu,Najechanie na pieszego,Opady deszczu,Światło dzienne,Przejście dla pieszych,EWK-106445362T,6,2017-10-05,Nieokreślone (puste pole),21*31'510,51*35'265,G170854W,Obszar zabudowany,"Zakręt, łuk",Droga gminna,Jednojezdniowa dwukierunkowa,N,POWIAT KOZIENICKI,KOZIENICE - OBSZAR MIEJSKI