Liczba wypadków,Liczba zabitych,Liczba rannych,Rok,Warunki atmosferyczne,Rodzaj zdarzenia,Warunki atmosferyczne,Oświetlenie,Charakterystyka miejsca zdarzenia,IDKSIP zdarzenia,Godzina,Dzień,Ranny,GPS x,GPS y,Numer drogi,Obszar,Geometria drogi,Kategoria drogi 1,Rodzaj drogi,Czy w zdarzeniu był sprawca nietrzeźwy,Powiat,Gmina
1,0,1,2017,Opady deszczu,Najechanie na pieszego,Opady deszczu,Światło dzienne,Przejście dla pieszych,EWK-106501907R,7,2017-10-26,Ciężko,20*53'516,53*15'146,57,Obszar zabudowany,Odcinek prosty,Droga krajowa,Jednojezdniowa dwukierunkowa,N,POWIAT PRZASNYSKI,CHORZELE - OBSZAR MIEJSKI
1,0,0,2017,Opady deszczu,Najechanie na pieszego,Opady deszczu,Światło dzienne,Przejście dla pieszych,EWK-106501907R,7,2017-10-26,Nieokreślone (puste pole),20*53'516,53*15'146,57,Obszar zabudowany,Odcinek prosty,Droga krajowa,Jednojezdniowa dwukierunkowa,N,POWIAT PRZASNYSKI,CHORZELE - OBSZAR MIEJSKI
1,0,1,2017,Opady deszczu,Najechanie na pieszego,Opady deszczu,Światło dzienne,Przystanek komunikacji publicznej,EWK-106367875D,12,2017-09-07,Ciężko,22*43'296,52*12'389,698,Obszar zabudowany,Odcinek prosty,Droga wojewódzka,Jednojezdniowa dwukierunkowa,T,POWIAT ŁOSICKI,ŁOSICE - OBSZAR MIEJSKI
1,0,0,2017,Opady deszczu,Najechanie na pieszego,Opady deszczu,Światło dzienne,Przystanek komunikacji publicznej,EWK-106367875D,12,2017-09-07,Nieokreślone (puste pole),22*43'296,52*12'389,698,Obszar zabudowany,Odcinek prosty,Droga wojewódzka,Jednojezdniowa dwukierunkowa,T,POWIAT ŁOSICKI,ŁOSICE - OBSZAR MIEJSKI
1,0,1,2017,Opady deszczu,Najechanie na pieszego,Opady deszczu,"Świt, zmrok",Jezdnia,EWK-105797980X,0,2017-05-06,Lekko,20*52'099,51*13'388,G400556W,Obszar zabudowany,Odcinek prosty,Droga gminna,Jednojezdniowa dwukierunkowa,T,POWIAT SZYDŁOWIECKI,SZYDŁOWIEC - OBSZAR MIEJSKI
1,0,0,2017,Opady deszczu,Najechanie na pieszego,Opady deszczu,"Świt, zmrok",Jezdnia,EWK-105797980X,0,2017-05-06,Nieokreślone (puste pole),20*52'099,51*13'388,G400556W,Obszar zabudowany,Odcinek prosty,Droga gminna,Jednojezdniowa dwukierunkowa,T,POWIAT SZYDŁOWIECKI,SZYDŁOWIEC - OBSZAR MIEJSKI
1,1,0,2017,Opady deszczu,Najechanie na pieszego,Opady deszczu,"Świt, zmrok",Jezdnia,EWK-106489147Y,6,2017-10-21,Nieokreślone (puste pole),21*01'255,53*01'043,544,Obszar niezabudowany,Odcinek prosty,Droga wojewódzka,Jednojezdniowa dwukierunkowa,T,POWIAT MAKOWSKI,PŁONIAWY-BRAMURA - OBSZAR WIEJSKI
1,0,1,2017,Opady deszczu,Najechanie na pieszego,Opady deszczu,"Świt, zmrok",Jezdnia,EWK-106494290D,18,2017-10-23,Ciężko,21*26'401,52*39'159,P4408W,Obszar zabudowany,Odcinek prosty,Droga powiatowa,Jednojezdniowa dwukierunkowa,T,POWIAT WYSZKOWSKI,WYSZKÓW - OBSZAR WIEJSKI
1,0,0,2017,Opady deszczu,Najechanie na pieszego,Opady deszczu,"Świt, zmrok",Jezdnia,EWK-106494290D,18,2017-10-23,Nieokreślone (puste pole),21*26'401,52*39'159,P4408W,Obszar zabudowany,Odcinek prosty,Droga powiatowa,Jednojezdniowa dwukierunkowa,T,POWIAT WYSZKOWSKI,WYSZKÓW - OBSZAR WIEJSKI
1,1,0,2017,Opady deszczu,Najechanie na pieszego,Opady deszczu,"Świt, zmrok",Jezdnia,EWK-106518344H,18,2017-11-01,Nieokreślone (puste pole),21*23'005,51*17'599,733,Obszar niezabudowany,Odcinek prosty,Droga wojewódzka,Jednojezdniowa dwukierunkowa,T,POWIAT ZWOLEŃSKI,KAZANÓW - OBSZAR WIEJSKI
1,1,0,2017,Opady deszczu,Najechanie na pieszego,Opady deszczu,"Świt, zmrok",Jezdnia,EWK-106534887P,19,2017-11-10,Nieokreślone (puste pole),21*59'387,52*17'186,P4248W,Obszar niezabudowany,Odcinek prosty,Droga powiatowa,Jednojezdniowa dwukierunkowa,N,POWIAT WĘGROWSKI,GRĘBKÓW - OBSZAR WIEJSKI
1,0,1,2017,Opady deszczu,Najechanie na pieszego,Opady deszczu,"Świt, zmrok",Przejście dla pieszych,EWK-106494628C,18,2017-10-23,Ciężko,19*41'329,52*33'231,I2,Obszar zabudowany,,Inna,Jednojezdniowa dwukierunkowa,N,POWIAT PŁOCK,PŁOCK - OBSZAR MIEJSKI
1,0,0,2017,Opady deszczu,Najechanie na pieszego,Opady deszczu,"Świt, zmrok",Przejście dla pieszych,EWK-106494628C,18,2017-10-23,Nieokreślone (puste pole),19*41'329,52*33'231,I2,Obszar zabudowany,,Inna,Jednojezdniowa dwukierunkowa,N,POWIAT PŁOCK,PŁOCK - OBSZAR MIEJSKI
1,0,1,2017,Opady deszczu,Najechanie na pieszego,Opady deszczu,"Świt, zmrok",Przejście dla pieszych,EWK-106601842L,16,2017-12-06,Lekko,21*08'231,51*23'269,12,Obszar zabudowany,,Droga krajowa,Dwie jezdnie jednokierunkowe,N,POWIAT RADOM,RADOM - OBSZAR MIEJSKI
1,0,0,2017,Opady deszczu,Najechanie na pieszego,Opady deszczu,"Świt, zmrok",Przejście dla pieszych,EWK-106601842L,16,2017-12-06,Nieokreślone (puste pole),21*08'231,51*23'269,12,Obszar zabudowany,,Droga krajowa,Dwie jezdnie jednokierunkowe,N,POWIAT RADOM,RADOM - OBSZAR MIEJSKI
1,0,1,2017,Opady deszczu,Najechanie na pieszego,Opady deszczu,"Świt, zmrok",Przejście dla pieszych,EWK-106602169K,6,2017-12-07,Lekko,21*10'359,51*24'524,P5329W,Obszar zabudowany,,Droga powiatowa,Jednojezdniowa dwukierunkowa,N,POWIAT RADOM,RADOM - OBSZAR MIEJSKI
1,0,0,2017,Opady deszczu,Najechanie na pieszego,Opady deszczu,"Świt, zmrok",Przejście dla pieszych,EWK-106602169K,6,2017-12-07,Nieokreślone (puste pole),21*10'359,51*24'524,P5329W,Obszar zabudowany,,Droga powiatowa,Jednojezdniowa dwukierunkowa,N,POWIAT RADOM,RADOM - OBSZAR MIEJSKI
1,0,1,2017,Opady deszczu,Najechanie na pieszego,Opady deszczu,"Świt, zmrok",Przejście dla pieszych,EWK-106602864U,18,2017-12-06,Lekko,21*09'465,51*25'067,P5301W,Obszar zabudowany,Odcinek prosty,Droga powiatowa,Dwie jezdnie jednokierunkowe,N,POWIAT RADOM,RADOM - OBSZAR MIEJSKI
1,0,0,2017,Opady deszczu,Najechanie na pieszego,Opady deszczu,"Świt, zmrok",Przejście dla pieszych,EWK-106602864U,18,2017-12-06,Nieokreślone (puste pole),21*09'465,51*25'067,P5301W,Obszar zabudowany,Odcinek prosty,Droga powiatowa,Dwie jezdnie jednokierunkowe,N,POWIAT RADOM,RADOM - OBSZAR MIEJSKI
1,0,1,2017,Opady deszczu,Najechanie na pieszego,Opady deszczu,"Świt, zmrok",Przejście dla pieszych,EWK-106638051T,16,2017-12-23,Ciężko,22*16'381,52*10'022,GMINNA,Obszar zabudowany,Odcinek prosty,Droga gminna,Jednojezdniowa dwukierunkowa,N,POWIAT SIEDLCE,SIEDLCE - OBSZAR MIEJSKI
1,0,0,2017,Opady deszczu,Najechanie na pieszego,Opady deszczu,"Świt, zmrok",Przejście dla pieszych,EWK-106638051T,16,2017-12-23,Nieokreślone (puste pole),22*16'381,52*10'022,GMINNA,Obszar zabudowany,Odcinek prosty,Droga gminna,Jednojezdniowa dwukierunkowa,N,POWIAT SIEDLCE,SIEDLCE - OBSZAR MIEJSKI
1,0,1,2017,"Opady deszczu; Opady śniegu, gradu",Najechanie na pieszego,"Opady deszczu; Opady śniegu, gradu",Noc - droga oświetlona,Przejście dla pieszych,EWK-106619186N,17,2017-12-14,Lekko,21*04'492,52*41'510,P3435W,Obszar zabudowany,Odcinek prosty,Droga powiatowa,Jednojezdniowa dwukierunkowa,N,POWIAT PUŁTUSKI,PUŁTUSK - OBSZAR MIEJSKI
1,0,0,2017,"Opady deszczu; Opady śniegu, gradu",Najechanie na pieszego,"Opady deszczu; Opady śniegu, gradu",Noc - droga oświetlona,Przejście dla pieszych,EWK-106619186N,17,2017-12-14,Nieokreślone (puste pole),21*04'492,52*41'510,P3435W,Obszar zabudowany,Odcinek prosty,Droga powiatowa,Jednojezdniowa dwukierunkowa,N,POWIAT PUŁTUSKI,PUŁTUSK - OBSZAR MIEJSKI
1,0,2,2017,"Opady śniegu, gradu",Inne,"Opady śniegu, gradu",Noc - droga nieoświetlona,Jezdnia,EWK-105346206Y,20,2017-01-15,Lekko,21*33'246,51*45'166,31325W,Obszar zabudowany,Odcinek prosty,Droga powiatowa,Jednojezdniowa dwukierunkowa,N,POWIAT GARWOLIŃSKI,ŁASKARZEW - OBSZAR WIEJSKI
1,0,0,2017,"Opady śniegu, gradu",Inne,"Opady śniegu, gradu",Noc - droga nieoświetlona,Jezdnia,EWK-105346206Y,20,2017-01-15,Nieokreślone (puste pole),21*33'246,51*45'166,31325W,Obszar zabudowany,Odcinek prosty,Droga powiatowa,Jednojezdniowa dwukierunkowa,N,POWIAT GARWOLIŃSKI,ŁASKARZEW - OBSZAR WIEJSKI
1,0,1,2017,"Opady śniegu, gradu",Najechanie na pieszego,"Opady śniegu, gradu",Noc - droga oświetlona,"Chodnik, droga dla pieszych",EWK-106589083K,6,2017-11-30,Lekko,21*27'541,51*34'226,P1711W,Obszar zabudowany,"Zakręt, łuk",Droga powiatowa,Jednojezdniowa dwukierunkowa,N,POWIAT KOZIENICKI,KOZIENICE - OBSZAR WIEJSKI
1,0,0,2017,"Opady śniegu, gradu",Najechanie na pieszego,"Opady śniegu, gradu",Noc - droga oświetlona,"Chodnik, droga dla pieszych",EWK-106589083K,6,2017-11-30,Nieokreślone (puste pole),21*27'541,51*34'226,P1711W,Obszar zabudowany,"Zakręt, łuk",Droga powiatowa,Jednojezdniowa dwukierunkowa,N,POWIAT KOZIENICKI,KOZIENICE - OBSZAR WIEJSKI
1,0,1,2017,"Opady śniegu, gradu",Najechanie na pieszego,"Opady śniegu, gradu",Noc - droga oświetlona,Jezdnia,EWK-105346728M,16,2017-01-15,Lekko,20*20'598,52*13'122,92,Obszar niezabudowany,Odcinek prosty,Droga krajowa,Jednojezdniowa dwukierunkowa,N,POWIAT SOCHACZEWSKI,SOCHACZEW - OBSZAR WIEJSKI
1,0,0,2017,"Opady śniegu, gradu",Najechanie na pieszego,"Opady śniegu, gradu",Noc - droga oświetlona,Jezdnia,EWK-105346728M,16,2017-01-15,Nieokreślone (puste pole),20*20'598,52*13'122,92,Obszar niezabudowany,Odcinek prosty,Droga krajowa,Jednojezdniowa dwukierunkowa,N,POWIAT SOCHACZEWSKI,SOCHACZEW - OBSZAR WIEJSKI
1,0,1,2017,"Opady śniegu, gradu",Najechanie na pieszego,"Opady śniegu, gradu",Światło dzienne,"Chodnik, droga dla pieszych",EWK-106591910J,9,2017-11-30,Lekko,21*51'031,52*24'532,P4226W,Obszar zabudowany,Spadek,Droga powiatowa,Jednojezdniowa dwukierunkowa,N,POWIAT WĘGROWSKI,KORYTNICA - OBSZAR WIEJSKI
1,0,0,2017,"Opady śniegu, gradu",Najechanie na pieszego,"Opady śniegu, gradu",Światło dzienne,"Chodnik, droga dla pieszych",EWK-106591910J,9,2017-11-30,Nieokreślone (puste pole),21*51'031,52*24'532,P4226W,Obszar zabudowany,Spadek,Droga powiatowa,Jednojezdniowa dwukierunkowa,N,POWIAT WĘGROWSKI,KORYTNICA - OBSZAR WIEJSKI
1,0,1,2017,"Opady śniegu, gradu",Najechanie na pieszego,"Opady śniegu, gradu",Światło dzienne,"Chodnik, droga dla pieszych",EWK-106629505U,8,2017-12-20,Lekko,21*10'070,51*23'584,P5347W,Obszar zabudowany,Odcinek prosty,Droga powiatowa,Jednojezdniowa dwukierunkowa,N,POWIAT RADOM,RADOM - OBSZAR MIEJSKI
1,0,0,2017,"Opady śniegu, gradu",Najechanie na pieszego,"Opady śniegu, gradu",Światło dzienne,"Chodnik, droga dla pieszych",EWK-106629505U,8,2017-12-20,Nieokreślone (puste pole),21*10'070,51*23'584,P5347W,Obszar zabudowany,Odcinek prosty,Droga powiatowa,Jednojezdniowa dwukierunkowa,N,POWIAT RADOM,RADOM - OBSZAR MIEJSKI
1,0,1,2017,"Opady śniegu, gradu",Najechanie na pieszego,"Opady śniegu, gradu",Światło dzienne,Jezdnia,EWK-106628400E,12,2017-12-20,Lekko,21*23'428,51*23'109,GMINNA,Obszar niezabudowany,Odcinek prosty,Droga gminna,Jednojezdniowa dwukierunkowa,N,POWIAT RADOMSKI,GÓZD - OBSZAR WIEJSKI
1,0,0,2017,"Opady śniegu, gradu",Najechanie na pieszego,"Opady śniegu, gradu",Światło dzienne,Jezdnia,EWK-106628400E,12,2017-12-20,Nieokreślone (puste pole),21*23'428,51*23'109,GMINNA,Obszar niezabudowany,Odcinek prosty,Droga gminna,Jednojezdniowa dwukierunkowa,N,POWIAT RADOMSKI,GÓZD - OBSZAR WIEJSKI
1,0,1,2017,"Opady śniegu, gradu",Najechanie na pieszego,"Opady śniegu, gradu","Świt, zmrok",Jezdnia,EWK-105321751F,15,2017-01-03,Ciężko,21*10'405,51*22'211,G530173W,Obszar zabudowany,Odcinek prosty,Droga gminna,Jednojezdniowa dwukierunkowa,N,POWIAT RADOM,RADOM - OBSZAR MIEJSKI
1,0,0,2017,"Opady śniegu, gradu",Najechanie na pieszego,"Opady śniegu, gradu","Świt, zmrok",Jezdnia,EWK-105321751F,15,2017-01-03,Nieokreślone (puste pole),21*10'405,51*22'211,G530173W,Obszar zabudowany,Odcinek prosty,Droga gminna,Jednojezdniowa dwukierunkowa,N,POWIAT RADOM,RADOM - OBSZAR MIEJSKI
1,0,1,2017,"Opady śniegu, gradu",Najechanie na pieszego,"Opady śniegu, gradu","Świt, zmrok",Jezdnia,EWK-106632820P,17,2017-12-21,Lekko,21*35'215,51*47'382,,Obszar zabudowany,,Nieokreślone (puste pole),Jednojezdniowa dwukierunkowa,N,POWIAT GARWOLIŃSKI,ŁASKARZEW - OBSZAR MIEJSKI
1,0,0,2017,"Opady śniegu, gradu",Najechanie na pieszego,"Opady śniegu, gradu","Świt, zmrok",Jezdnia,EWK-106632820P,17,2017-12-21,Nieokreślone (puste pole),21*35'215,51*47'382,,Obszar zabudowany,,Nieokreślone (puste pole),Jednojezdniowa dwukierunkowa,N,POWIAT GARWOLIŃSKI,ŁASKARZEW - OBSZAR MIEJSKI
1,0,1,2017,"Opady śniegu, gradu",Najechanie na pieszego,"Opady śniegu, gradu","Świt, zmrok",Przejście dla pieszych,EWK-106584541G,15,2017-11-28,Ciężko,21*06'057,52*52'060,57,Obszar zabudowany,Odcinek prosty,Droga krajowa,Jednojezdniowa dwukierunkowa,N,POWIAT MAKOWSKI,MAKÓW MAZOWIECKI - OBSZAR MIEJSKI
1,0,0,2017,"Opady śniegu, gradu",Najechanie na pieszego,"Opady śniegu, gradu","Świt, zmrok",Przejście dla pieszych,EWK-106584541G,15,2017-11-28,Nieokreślone (puste pole),21*06'057,52*52'060,57,Obszar zabudowany,Odcinek prosty,Droga krajowa,Jednojezdniowa dwukierunkowa,N,POWIAT MAKOWSKI,MAKÓW MAZOWIECKI - OBSZAR MIEJSKI
1,0,1,2017,Oślepiające słońce,Najechanie na pieszego,Oślepiające słońce,Światło dzienne,"Chodnik, droga dla pieszych",EWK-106313383M,16,2017-08-11,Lekko,21*09'152,51*24'081,G530033W,Obszar zabudowany,,Droga gminna,Jednojezdniowa dwukierunkowa,N,POWIAT RADOM,RADOM - OBSZAR MIEJSKI
1,0,0,2017,Oślepiające słońce,Najechanie na pieszego,Oślepiające słońce,Światło dzienne,"Chodnik, droga dla pieszych",EWK-106313383M,16,2017-08-11,Nieokreślone (puste pole),21*09'152,51*24'081,G530033W,Obszar zabudowany,,Droga gminna,Jednojezdniowa dwukierunkowa,N,POWIAT RADOM,RADOM - OBSZAR MIEJSKI
1,0,1,2017,Oślepiające słońce,Najechanie na pieszego,Oślepiające słońce,Światło dzienne,Jezdnia,EWK-105927627U,17,2017-05-27,Ciężko,19*41'331,52*33'281,I2,Obszar zabudowany,Odcinek prosty,Inna,Jednojezdniowa dwukierunkowa,N,POWIAT PŁOCK,PŁOCK - OBSZAR MIEJSKI
1,0,0,2017,Oślepiające słońce,Najechanie na pieszego,Oślepiające słońce,Światło dzienne,Jezdnia,EWK-105927627U,17,2017-05-27,Nieokreślone (puste pole),19*41'331,52*33'281,I2,Obszar zabudowany,Odcinek prosty,Inna,Jednojezdniowa dwukierunkowa,N,POWIAT PŁOCK,PŁOCK - OBSZAR MIEJSKI
1,0,1,2017,Oślepiające słońce,Najechanie na pieszego,Oślepiające słońce,Światło dzienne,Jezdnia,EWK-106299745K,15,2017-08-02,Ciężko,21*02'512,51*26'573,P3507W,Obszar zabudowany,Odcinek prosty,Droga powiatowa,Jednojezdniowa dwukierunkowa,N,POWIAT RADOMSKI,ZAKRZEW - OBSZAR WIEJSKI
1,0,0,2017,Oślepiające słońce,Najechanie na pieszego,Oślepiające słońce,Światło dzienne,Jezdnia,EWK-106299745K,15,2017-08-02,Nieokreślone (puste pole),21*02'512,51*26'573,P3507W,Obszar zabudowany,Odcinek prosty,Droga powiatowa,Jednojezdniowa dwukierunkowa,N,POWIAT RADOMSKI,ZAKRZEW - OBSZAR WIEJSKI
1,0,1,2017,Oślepiające słońce,Najechanie na pieszego,Oślepiające słońce,Światło dzienne,Jezdnia,EWK-106316347F,19,2017-08-13,Ciężko,19*59'051,52*44'384,10,Obszar zabudowany,,Droga krajowa,Jednojezdniowa dwukierunkowa,N,POWIAT PŁOCKI,DROBIN - OBSZAR MIEJSKI
1,0,0,2017,Oślepiające słońce,Najechanie na pieszego,Oślepiające słońce,Światło dzienne,Jezdnia,EWK-106316347F,19,2017-08-13,Nieokreślone (puste pole),19*59'051,52*44'384,10,Obszar zabudowany,,Droga krajowa,Jednojezdniowa dwukierunkowa,N,POWIAT PŁOCKI,DROBIN - OBSZAR MIEJSKI
1,0,1,2017,Oślepiające słońce,Najechanie na pieszego,Oślepiające słońce,Światło dzienne,Jezdnia,EWK-106474913U,8,2017-10-16,Lekko,20*51'319,51*13'425,P3561W,Obszar zabudowany,Odcinek prosty,Droga powiatowa,Jednojezdniowa dwukierunkowa,N,POWIAT SZYDŁOWIECKI,SZYDŁOWIEC - OBSZAR MIEJSKI
1,0,0,2017,Oślepiające słońce,Najechanie na pieszego,Oślepiające słońce,Światło dzienne,Jezdnia,EWK-106474913U,8,2017-10-16,Nieokreślone (puste pole),20*51'319,51*13'425,P3561W,Obszar zabudowany,Odcinek prosty,Droga powiatowa,Jednojezdniowa dwukierunkowa,N,POWIAT SZYDŁOWIECKI,SZYDŁOWIEC - OBSZAR MIEJSKI
1,0,1,2017,Oślepiające słońce,Najechanie na pieszego,Oślepiające słońce,Światło dzienne,Przejście dla pieszych,EWK-105385810R,12,2017-01-29,Ciężko,19*41'560,52*33'046,5210W,Obszar zabudowany,,Droga powiatowa,Jednojezdniowa dwukierunkowa,N,POWIAT PŁOCK,PŁOCK - OBSZAR MIEJSKI
1,0,0,2017,Oślepiające słońce,Najechanie na pieszego,Oślepiające słońce,Światło dzienne,Przejście dla pieszych,EWK-105385810R,12,2017-01-29,Nieokreślone (puste pole),19*41'560,52*33'046,5210W,Obszar zabudowany,,Droga powiatowa,Jednojezdniowa dwukierunkowa,N,POWIAT PŁOCK,PŁOCK - OBSZAR MIEJSKI
1,0,1,2017,Oślepiające słońce,Najechanie na pieszego,Oślepiające słońce,Światło dzienne,Przejście dla pieszych,EWK-106233056G,15,2017-07-12,Lekko,21*09'156,51*24'413,P5339W,Obszar zabudowany,,Droga powiatowa,Dwie jezdnie jednokierunkowe,N,POWIAT RADOM,RADOM - OBSZAR MIEJSKI
1,0,0,2017,Oślepiające słońce,Najechanie na pieszego,Oślepiające słońce,Światło dzienne,Przejście dla pieszych,EWK-106233056G,15,2017-07-12,Nieokreślone (puste pole),21*09'156,51*24'413,P5339W,Obszar zabudowany,,Droga powiatowa,Dwie jezdnie jednokierunkowe,N,POWIAT RADOM,RADOM - OBSZAR MIEJSKI
1,0,1,2017,Oślepiające słońce,Najechanie na pieszego,Oślepiające słońce,Światło dzienne,Przejście dla pieszych,EWK-106352394F,10,2017-08-31,Lekko,21*09'275,51*22'471,P3539W,Obszar zabudowany,,Droga powiatowa,Jednojezdniowa dwukierunkowa,N,POWIAT RADOM,RADOM - OBSZAR MIEJSKI
1,0,0,2017,Oślepiające słońce,Najechanie na pieszego,Oślepiające słońce,Światło dzienne,Przejście dla pieszych,EWK-106352394F,10,2017-08-31,Nieokreślone (puste pole),21*09'275,51*22'471,P3539W,Obszar zabudowany,,Droga powiatowa,Jednojezdniowa dwukierunkowa,N,POWIAT RADOM,RADOM - OBSZAR MIEJSKI
1,0,1,2017,Oślepiające słońce,Najechanie na pieszego,Oślepiające słońce,Światło dzienne,Przejście dla pieszych,EWK-106540140L,8,2017-11-14,Lekko,21*34'057,53*04'570,4403W,Obszar zabudowany,Odcinek prosty,Droga powiatowa,Jednokierunkowa,N,POWIAT OSTROŁĘKA,OSTROŁĘKA - OBSZAR MIEJSKI
1,0,0,2017,Oślepiające słońce,Najechanie na pieszego,Oślepiające słońce,Światło dzienne,Przejście dla pieszych,EWK-106540140L,8,2017-11-14,Nieokreślone (puste pole),21*34'057,53*04'570,4403W,Obszar zabudowany,Odcinek prosty,Droga powiatowa,Jednokierunkowa,N,POWIAT OSTROŁĘKA,OSTROŁĘKA - OBSZAR MIEJSKI
1,0,1,2017,Oślepiające słońce,Najechanie na pieszego,Oślepiające słońce,Światło dzienne,Przejście dla pieszych,EWK-106578889U,10,2017-11-24,Lekko,22*01'117,52*23'545,P4229W,Obszar zabudowany,Odcinek prosty,Droga powiatowa,Jednojezdniowa dwukierunkowa,N,POWIAT WĘGROWSKI,WĘGRÓW - OBSZAR MIEJSKI
1,0,0,2017,Oślepiające słońce,Najechanie na pieszego,Oślepiające słońce,Światło dzienne,Przejście dla pieszych,EWK-106578889U,10,2017-11-24,Nieokreślone (puste pole),22*01'117,52*23'545,P4229W,Obszar zabudowany,Odcinek prosty,Droga powiatowa,Jednojezdniowa dwukierunkowa,N,POWIAT WĘGROWSKI,WĘGRÓW - OBSZAR MIEJSKI
1,0,1,2017,Pochmurno,Inne,Pochmurno,Światło dzienne,Jezdnia,EWK-105688256P,13,2017-03-20,Lekko,21*09'463,51*24'070,P5304W  ,Obszar zabudowany,,Droga powiatowa,Jednojezdniowa dwukierunkowa,N,POWIAT RADOM,RADOM - OBSZAR MIEJSKI
1,0,0,2017,Pochmurno,Inne,Pochmurno,Światło dzienne,Jezdnia,EWK-105688256P,13,2017-03-20,Nieokreślone (puste pole),21*09'463,51*24'070,P5304W  ,Obszar zabudowany,,Droga powiatowa,Jednojezdniowa dwukierunkowa,N,POWIAT RADOM,RADOM - OBSZAR MIEJSKI
1,0,1,2017,Pochmurno,Inne,Pochmurno,Światło dzienne,Przystanek komunikacji publicznej,EWK-106429391X,11,2017-09-25,Lekko,21*09'348,51*24'213,P5312W,Obszar zabudowany,Odcinek prosty,Droga powiatowa,Jednojezdniowa dwukierunkowa,N,POWIAT RADOM,RADOM - OBSZAR MIEJSKI
1,0,0,2017,Pochmurno,Inne,Pochmurno,Światło dzienne,Przystanek komunikacji publicznej,EWK-106429391X,11,2017-09-25,Nieokreślone (puste pole),21*09'348,51*24'213,P5312W,Obszar zabudowany,Odcinek prosty,Droga powiatowa,Jednojezdniowa dwukierunkowa,N,POWIAT RADOM,RADOM - OBSZAR MIEJSKI
1,0,1,2017,Pochmurno,Najechanie na pieszego,Pochmurno,Noc - droga nieoświetlona,"Chodnik, droga dla pieszych",EWK-106363889F,22,2017-09-02,Lekko,19*39'479,52*51'190,GMINNA,Obszar zabudowany,Odcinek prosty,Droga gminna,Jednojezdniowa dwukierunkowa,N,POWIAT SIERPECKI,SIERPC - OBSZAR MIEJSKI
1,0,0,2017,Pochmurno,Najechanie na pieszego,Pochmurno,Noc - droga nieoświetlona,"Chodnik, droga dla pieszych",EWK-106363889F,22,2017-09-02,Nieokreślone (puste pole),19*39'479,52*51'190,GMINNA,Obszar zabudowany,Odcinek prosty,Droga gminna,Jednojezdniowa dwukierunkowa,N,POWIAT SIERPECKI,SIERPC - OBSZAR MIEJSKI
1,1,0,2017,Pochmurno,Najechanie na pieszego,Pochmurno,Noc - droga nieoświetlona,Jezdnia,EWK-105503223W,20,2017-03-03,Nieokreślone (puste pole),21*25'400,51*34'174,P1711W,Obszar niezabudowany,Odcinek prosty,Droga powiatowa,Jednojezdniowa dwukierunkowa,N,POWIAT KOZIENICKI,GŁOWACZÓW - OBSZAR WIEJSKI
1,0,1,2017,Pochmurno,Najechanie na pieszego,Pochmurno,Noc - droga nieoświetlona,Jezdnia,EWK-105719759G,19,2017-03-25,Lekko,22*06'550,52*11'164,2,Obszar zabudowany,Odcinek prosty,Droga krajowa,Jednojezdniowa dwukierunkowa,N,POWIAT SIEDLECKI,KOTUŃ - OBSZAR WIEJSKI
1,0,0,2017,Pochmurno,Najechanie na pieszego,Pochmurno,Noc - droga nieoświetlona,Jezdnia,EWK-105719759G,19,2017-03-25,Nieokreślone (puste pole),22*06'550,52*11'164,2,Obszar zabudowany,Odcinek prosty,Droga krajowa,Jednojezdniowa dwukierunkowa,N,POWIAT SIEDLECKI,KOTUŃ - OBSZAR WIEJSKI
1,1,0,2017,Pochmurno,Najechanie na pieszego,Pochmurno,Noc - droga nieoświetlona,Jezdnia,EWK-105755364E,4,2017-04-14,Nieokreślone (puste pole),21*01'592,51*49'524,P1656W,Obszar niezabudowany,Odcinek prosty,Droga powiatowa,Jednojezdniowa dwukierunkowa,N,POWIAT GRÓJECKI,JASIENIEC - OBSZAR WIEJSKI
1,0,1,2017,Pochmurno,Najechanie na pieszego,Pochmurno,Noc - droga nieoświetlona,Jezdnia,EWK-106342966L,20,2017-08-27,Lekko,20*59'014,51*32'520,732,Obszar niezabudowany,Odcinek prosty,Droga wojewódzka,Jednojezdniowa dwukierunkowa,T,POWIAT BIAŁOBRZESKI,STARA BŁOTNICA - OBSZAR WIEJSKI
1,0,0,2017,Pochmurno,Najechanie na pieszego,Pochmurno,Noc - droga nieoświetlona,Jezdnia,EWK-106342966L,20,2017-08-27,Nieokreślone (puste pole),20*59'014,51*32'520,732,Obszar niezabudowany,Odcinek prosty,Droga wojewódzka,Jednojezdniowa dwukierunkowa,T,POWIAT BIAŁOBRZESKI,STARA BŁOTNICA - OBSZAR WIEJSKI
1,0,1,2017,Pochmurno,Najechanie na pieszego,Pochmurno,Noc - droga nieoświetlona,Jezdnia,EWK-106353908N,20,2017-08-31,Lekko,20*57'344,51*31'155,G110409W,Obszar niezabudowany,Odcinek prosty,Droga gminna,Jednojezdniowa dwukierunkowa,N,POWIAT BIAŁOBRZESKI,STARA BŁOTNICA - OBSZAR WIEJSKI