Liczba wypadków,Liczba zabitych,Liczba rannych,Rok,Warunki atmosferyczne,Rodzaj zdarzenia,Warunki atmosferyczne,Oświetlenie,Charakterystyka miejsca zdarzenia,IDKSIP zdarzenia,Godzina,Dzień,Ranny,GPS x,GPS y,Numer drogi,Obszar,Geometria drogi,Kategoria drogi 1,Rodzaj drogi,Czy w zdarzeniu był sprawca nietrzeźwy,Powiat,Gmina
1,0,0,2017,Pochmurno,Najechanie na pieszego,Pochmurno,Noc - droga nieoświetlona,Jezdnia,EWK-106353908N,20,2017-08-31,Nieokreślone (puste pole),20*57'344,51*31'155,G110409W,Obszar niezabudowany,Odcinek prosty,Droga gminna,Jednojezdniowa dwukierunkowa,N,POWIAT BIAŁOBRZESKI,STARA BŁOTNICA - OBSZAR WIEJSKI
1,0,1,2017,Pochmurno,Najechanie na pieszego,Pochmurno,Noc - droga nieoświetlona,Jezdnia,EWK-106372500E,20,2017-09-10,Lekko,19*36'592,52*35'296,559,Obszar zabudowany,Odcinek prosty,Droga wojewódzka,Jednojezdniowa dwukierunkowa,T,POWIAT PŁOCKI,STARA BIAŁA - OBSZAR WIEJSKI
1,0,0,2017,Pochmurno,Najechanie na pieszego,Pochmurno,Noc - droga nieoświetlona,Jezdnia,EWK-106372500E,20,2017-09-10,Nieokreślone (puste pole),19*36'592,52*35'296,559,Obszar zabudowany,Odcinek prosty,Droga wojewódzka,Jednojezdniowa dwukierunkowa,T,POWIAT PŁOCKI,STARA BIAŁA - OBSZAR WIEJSKI
1,0,1,2017,Pochmurno,Najechanie na pieszego,Pochmurno,Noc - droga nieoświetlona,Jezdnia,EWK-106411453N,0,2017-09-17,Lekko,21*48'303,53*05'492,G251117W,Obszar niezabudowany,Odcinek prosty,Droga gminna,Jednojezdniowa dwukierunkowa,N,POWIAT OSTROŁĘCKI,TROSZYN - OBSZAR WIEJSKI
1,0,0,2017,Pochmurno,Najechanie na pieszego,Pochmurno,Noc - droga nieoświetlona,Jezdnia,EWK-106411453N,0,2017-09-17,Nieokreślone (puste pole),21*48'303,53*05'492,G251117W,Obszar niezabudowany,Odcinek prosty,Droga gminna,Jednojezdniowa dwukierunkowa,N,POWIAT OSTROŁĘCKI,TROSZYN - OBSZAR WIEJSKI
1,1,0,2017,Pochmurno,Najechanie na pieszego,Pochmurno,Noc - droga nieoświetlona,Jezdnia,EWK-106455176M,6,2017-10-09,Nieokreślone (puste pole),21*17'431,51*20'045,P3534W,Obszar niezabudowany,Odcinek prosty,Droga powiatowa,Jednojezdniowa dwukierunkowa,N,POWIAT RADOMSKI,SKARYSZEW - OBSZAR WIEJSKI
1,0,1,2017,Pochmurno,Najechanie na pieszego,Pochmurno,Noc - droga nieoświetlona,Jezdnia,EWK-106462860L,19,2017-10-12,Lekko,20*11'370,52*9'173,3835W,Obszar niezabudowany,Odcinek prosty,Droga powiatowa,Jednojezdniowa dwukierunkowa,T,POWIAT SOCHACZEWSKI,NOWA SUCHA - OBSZAR WIEJSKI
1,0,0,2017,Pochmurno,Najechanie na pieszego,Pochmurno,Noc - droga nieoświetlona,Jezdnia,EWK-106462860L,19,2017-10-12,Nieokreślone (puste pole),20*11'370,52*9'173,3835W,Obszar niezabudowany,Odcinek prosty,Droga powiatowa,Jednojezdniowa dwukierunkowa,T,POWIAT SOCHACZEWSKI,NOWA SUCHA - OBSZAR WIEJSKI
1,0,1,2017,Pochmurno,Najechanie na pieszego,Pochmurno,Noc - droga nieoświetlona,Jezdnia,EWK-106490214F,18,2017-10-21,Lekko,21*33'284,51*22'589,787,Obszar niezabudowany,Odcinek prosty,Droga wojewódzka,Jednojezdniowa dwukierunkowa,T,POWIAT ZWOLEŃSKI,ZWOLEŃ - OBSZAR WIEJSKI
1,0,0,2017,Pochmurno,Najechanie na pieszego,Pochmurno,Noc - droga nieoświetlona,Jezdnia,EWK-106490214F,18,2017-10-21,Nieokreślone (puste pole),21*33'284,51*22'589,787,Obszar niezabudowany,Odcinek prosty,Droga wojewódzka,Jednojezdniowa dwukierunkowa,T,POWIAT ZWOLEŃSKI,ZWOLEŃ - OBSZAR WIEJSKI
1,0,1,2017,Pochmurno,Najechanie na pieszego,Pochmurno,Noc - droga nieoświetlona,Jezdnia,EWK-106532003R,17,2017-11-09,Lekko,21*48'560,51*48'400,,Obszar zabudowany,Odcinek prosty,Nieokreślone (puste pole),Jednojezdniowa dwukierunkowa,N,POWIAT GARWOLIŃSKI,ŻELECHÓW - OBSZAR WIEJSKI
1,0,0,2017,Pochmurno,Najechanie na pieszego,Pochmurno,Noc - droga nieoświetlona,Jezdnia,EWK-106532003R,17,2017-11-09,Nieokreślone (puste pole),21*48'560,51*48'400,,Obszar zabudowany,Odcinek prosty,Nieokreślone (puste pole),Jednojezdniowa dwukierunkowa,N,POWIAT GARWOLIŃSKI,ŻELECHÓW - OBSZAR WIEJSKI
1,0,1,2017,Pochmurno,Najechanie na pieszego,Pochmurno,Noc - droga nieoświetlona,Jezdnia,EWK-106532255Q,17,2017-11-07,Ciężko,21*16'349,51*23'215,12,Obszar niezabudowany,Odcinek prosty,Droga krajowa,Jednojezdniowa dwukierunkowa,N,POWIAT RADOMSKI,GÓZD - OBSZAR WIEJSKI
1,0,0,2017,Pochmurno,Najechanie na pieszego,Pochmurno,Noc - droga nieoświetlona,Jezdnia,EWK-106532255Q,17,2017-11-07,Nieokreślone (puste pole),21*16'349,51*23'215,12,Obszar niezabudowany,Odcinek prosty,Droga krajowa,Jednojezdniowa dwukierunkowa,N,POWIAT RADOMSKI,GÓZD - OBSZAR WIEJSKI
1,0,1,2017,Pochmurno,Najechanie na pieszego,Pochmurno,Noc - droga nieoświetlona,Jezdnia,EWK-106549973E,6,2017-11-19,Lekko,21*09'061,51*21'414,GMINNA,Obszar zabudowany,Odcinek prosty,Droga gminna,Jednojezdniowa dwukierunkowa,N,POWIAT RADOM,RADOM - OBSZAR MIEJSKI
1,0,0,2017,Pochmurno,Najechanie na pieszego,Pochmurno,Noc - droga nieoświetlona,Jezdnia,EWK-106549973E,6,2017-11-19,Nieokreślone (puste pole),21*09'061,51*21'414,GMINNA,Obszar zabudowany,Odcinek prosty,Droga gminna,Jednojezdniowa dwukierunkowa,N,POWIAT RADOM,RADOM - OBSZAR MIEJSKI
1,1,0,2017,Pochmurno,Najechanie na pieszego,Pochmurno,Noc - droga nieoświetlona,Jezdnia,EWK-106613901H,19,2017-12-12,Nieokreślone (puste pole),22*16'505,52*08'045,2,Obszar niezabudowany,Odcinek prosty,Droga krajowa,Jednojezdniowa dwukierunkowa,N,POWIAT SIEDLECKI,SIEDLCE - OBSZAR WIEJSKI
1,0,1,2017,Pochmurno,Najechanie na pieszego,Pochmurno,Noc - droga oświetlona,"Chodnik, droga dla pieszych",EWK-106530530M,17,2017-11-08,Lekko,21*09'464,51*24'025,P5304W  ,Obszar zabudowany,Odcinek prosty,Droga powiatowa,Jednojezdniowa dwukierunkowa,N,POWIAT RADOM,RADOM - OBSZAR MIEJSKI
1,0,0,2017,Pochmurno,Najechanie na pieszego,Pochmurno,Noc - droga oświetlona,"Chodnik, droga dla pieszych",EWK-106530530M,17,2017-11-08,Nieokreślone (puste pole),21*09'464,51*24'025,P5304W  ,Obszar zabudowany,Odcinek prosty,Droga powiatowa,Jednojezdniowa dwukierunkowa,N,POWIAT RADOM,RADOM - OBSZAR MIEJSKI
1,0,1,2017,Pochmurno,Najechanie na pieszego,Pochmurno,Noc - droga oświetlona,Jezdnia,EWK-105344491R,22,2017-01-14,Ciężko,21*09'139,51*24'131,G530047W,Obszar zabudowany,Odcinek prosty,Droga gminna,Jednojezdniowa dwukierunkowa,N,POWIAT RADOM,RADOM - OBSZAR MIEJSKI
1,0,0,2017,Pochmurno,Najechanie na pieszego,Pochmurno,Noc - droga oświetlona,Jezdnia,EWK-105344491R,22,2017-01-14,Nieokreślone (puste pole),21*09'139,51*24'131,G530047W,Obszar zabudowany,Odcinek prosty,Droga gminna,Jednojezdniowa dwukierunkowa,N,POWIAT RADOM,RADOM - OBSZAR MIEJSKI
1,0,1,2017,Pochmurno,Najechanie na pieszego,Pochmurno,Noc - droga oświetlona,Jezdnia,EWK-105693069H,18,2017-03-23,Ciężko,21*27'156,52*36'298,P4408W,Obszar zabudowany,Odcinek prosty,Droga powiatowa,Jednojezdniowa dwukierunkowa,N,POWIAT WYSZKOWSKI,WYSZKÓW - OBSZAR MIEJSKI
1,0,0,2017,Pochmurno,Najechanie na pieszego,Pochmurno,Noc - droga oświetlona,Jezdnia,EWK-105693069H,18,2017-03-23,Nieokreślone (puste pole),21*27'156,52*36'298,P4408W,Obszar zabudowany,Odcinek prosty,Droga powiatowa,Jednojezdniowa dwukierunkowa,N,POWIAT WYSZKOWSKI,WYSZKÓW - OBSZAR MIEJSKI
1,1,0,2017,Pochmurno,Najechanie na pieszego,Pochmurno,Noc - droga oświetlona,Jezdnia,EWK-105693080H,18,2017-03-23,Nieokreślone (puste pole),21*22'589,53*17'305,53,Obszar niezabudowany,,Droga krajowa,Jednojezdniowa dwukierunkowa,N,POWIAT OSTROŁĘCKI,KADZIDŁO - OBSZAR WIEJSKI
1,1,0,2017,Pochmurno,Najechanie na pieszego,Pochmurno,Noc - droga oświetlona,Jezdnia,EWK-106319802X,23,2017-08-15,Nieokreślone (puste pole),21*14'462,51*25'555,737,Obszar zabudowany,Odcinek prosty,Droga wojewódzka,Jednojezdniowa dwukierunkowa,N,POWIAT RADOMSKI,JEDLNIA-LETNISKO - OBSZAR WIEJSKI
1,1,0,2017,Pochmurno,Najechanie na pieszego,Pochmurno,Noc - droga oświetlona,Jezdnia,EWK-106376882H,19,2017-09-12,Nieokreślone (puste pole),20*35'052,51*56'564,50,Obszar zabudowany,,Droga krajowa,Jednojezdniowa dwukierunkowa,N,POWIAT ŻYRARDOWSKI,MSZCZONÓW - OBSZAR WIEJSKI
1,0,1,2017,Pochmurno,Najechanie na pieszego,Pochmurno,Noc - droga oświetlona,Jezdnia,EWK-106469812R,3,2017-10-15,Lekko,21*07'046,51*24'136,7,Obszar zabudowany,,Droga krajowa,Dwie jezdnie jednokierunkowe,T,POWIAT RADOM,RADOM - OBSZAR MIEJSKI
1,0,0,2017,Pochmurno,Najechanie na pieszego,Pochmurno,Noc - droga oświetlona,Jezdnia,EWK-106469812R,3,2017-10-15,Nieokreślone (puste pole),21*07'046,51*24'136,7,Obszar zabudowany,,Droga krajowa,Dwie jezdnie jednokierunkowe,T,POWIAT RADOM,RADOM - OBSZAR MIEJSKI
1,1,0,2017,Pochmurno,Najechanie na pieszego,Pochmurno,Noc - droga oświetlona,Jezdnia,EWK-106487481F,19,2017-10-19,Nieokreślone (puste pole),21*07'301,51*24'316,7,Obszar zabudowany,Odcinek prosty,Droga krajowa,Dwie jezdnie jednokierunkowe,N,POWIAT RADOM,RADOM - OBSZAR MIEJSKI
1,0,1,2017,Pochmurno,Najechanie na pieszego,Pochmurno,Noc - droga oświetlona,Jezdnia,EWK-106490171U,18,2017-10-21,Lekko,21*27'515,53*08'177,2536W,Obszar zabudowany,Odcinek prosty,Droga powiatowa,Jednojezdniowa dwukierunkowa,T,POWIAT OSTROŁĘCKI,LELIS - OBSZAR WIEJSKI
1,0,0,2017,Pochmurno,Najechanie na pieszego,Pochmurno,Noc - droga oświetlona,Jezdnia,EWK-106490171U,18,2017-10-21,Nieokreślone (puste pole),21*27'515,53*08'177,2536W,Obszar zabudowany,Odcinek prosty,Droga powiatowa,Jednojezdniowa dwukierunkowa,T,POWIAT OSTROŁĘCKI,LELIS - OBSZAR WIEJSKI
1,0,1,2017,Pochmurno,Najechanie na pieszego,Pochmurno,Noc - droga oświetlona,Jezdnia,EWK-106521189D,17,2017-11-03,Ciężko,21*40'321,51*44'213,807,Obszar zabudowany,Odcinek prosty,Droga wojewódzka,Jednojezdniowa dwukierunkowa,N,POWIAT GARWOLIŃSKI,SOBOLEW - OBSZAR WIEJSKI
1,0,0,2017,Pochmurno,Najechanie na pieszego,Pochmurno,Noc - droga oświetlona,Jezdnia,EWK-106521189D,17,2017-11-03,Nieokreślone (puste pole),21*40'321,51*44'213,807,Obszar zabudowany,Odcinek prosty,Droga wojewódzka,Jednojezdniowa dwukierunkowa,N,POWIAT GARWOLIŃSKI,SOBOLEW - OBSZAR WIEJSKI
1,1,0,2017,Pochmurno,Najechanie na pieszego,Pochmurno,Noc - droga oświetlona,Jezdnia,EWK-106608950H,16,2017-12-10,Nieokreślone (puste pole),20*07'271,52*46'589,P3082W,Obszar zabudowany,Odcinek prosty,Droga powiatowa,Jednojezdniowa dwukierunkowa,T,POWIAT PŁOŃSKI,RACIĄŻ - OBSZAR MIEJSKI
1,0,1,2017,Pochmurno,Najechanie na pieszego,Pochmurno,Noc - droga oświetlona,Jezdnia,EWK-106612017U,19,2017-12-11,Lekko,20*12'587,52*13'561,GMINNA,Obszar zabudowany,Odcinek prosty,Droga gminna,Jednojezdniowa dwukierunkowa,T,POWIAT SOCHACZEWSKI,SOCHACZEW - OBSZAR MIEJSKI
1,0,0,2017,Pochmurno,Najechanie na pieszego,Pochmurno,Noc - droga oświetlona,Jezdnia,EWK-106612017U,19,2017-12-11,Nieokreślone (puste pole),20*12'587,52*13'561,GMINNA,Obszar zabudowany,Odcinek prosty,Droga gminna,Jednojezdniowa dwukierunkowa,T,POWIAT SOCHACZEWSKI,SOCHACZEW - OBSZAR MIEJSKI
1,0,1,2017,Pochmurno,Najechanie na pieszego,Pochmurno,Noc - droga oświetlona,Jezdnia,EWK-106649735W,19,2017-12-30,Lekko,21*44'392,51*42'339,,Obszar zabudowany,Odcinek prosty,Nieokreślone (puste pole),Jednojezdniowa dwukierunkowa,T,POWIAT GARWOLIŃSKI,TROJANÓW - OBSZAR WIEJSKI
1,0,0,2017,Pochmurno,Najechanie na pieszego,Pochmurno,Noc - droga oświetlona,Jezdnia,EWK-106649735W,19,2017-12-30,Nieokreślone (puste pole),21*44'392,51*42'339,,Obszar zabudowany,Odcinek prosty,Nieokreślone (puste pole),Jednojezdniowa dwukierunkowa,T,POWIAT GARWOLIŃSKI,TROJANÓW - OBSZAR WIEJSKI
1,0,1,2017,Pochmurno,Najechanie na pieszego,Pochmurno,Noc - droga oświetlona,Jezdnia,EWK-106650019A,19,2017-12-31,Ciężko,21*06'447,51*13'396,P3545W,Obszar zabudowany,Odcinek prosty,Droga powiatowa,Jednojezdniowa dwukierunkowa,N,POWIAT RADOMSKI,WIERZBICA - OBSZAR WIEJSKI
1,0,0,2017,Pochmurno,Najechanie na pieszego,Pochmurno,Noc - droga oświetlona,Jezdnia,EWK-106650019A,19,2017-12-31,Nieokreślone (puste pole),21*06'447,51*13'396,P3545W,Obszar zabudowany,Odcinek prosty,Droga powiatowa,Jednojezdniowa dwukierunkowa,N,POWIAT RADOMSKI,WIERZBICA - OBSZAR WIEJSKI
1,0,1,2017,Pochmurno,Najechanie na pieszego,Pochmurno,Noc - droga oświetlona,Jezdnia,EWK-106651282R,16,2017-12-31,Lekko,21*53'428,51*59'350,,Obszar zabudowany,Odcinek prosty,Nieokreślone (puste pole),Jednojezdniowa dwukierunkowa,N,POWIAT SIEDLECKI,WODYNIE - OBSZAR WIEJSKI
1,0,0,2017,Pochmurno,Najechanie na pieszego,Pochmurno,Noc - droga oświetlona,Jezdnia,EWK-106651282R,16,2017-12-31,Nieokreślone (puste pole),21*53'428,51*59'350,,Obszar zabudowany,Odcinek prosty,Nieokreślone (puste pole),Jednojezdniowa dwukierunkowa,N,POWIAT SIEDLECKI,WODYNIE - OBSZAR WIEJSKI
1,0,1,2017,Pochmurno,Najechanie na pieszego,Pochmurno,Noc - droga oświetlona,Przejście dla pieszych,EWK-105333220T,17,2017-01-10,Lekko,21*27'185,52*36'137,P4408W,Obszar zabudowany,Odcinek prosty,Droga powiatowa,Jednojezdniowa dwukierunkowa,N,POWIAT WYSZKOWSKI,WYSZKÓW - OBSZAR MIEJSKI
1,0,0,2017,Pochmurno,Najechanie na pieszego,Pochmurno,Noc - droga oświetlona,Przejście dla pieszych,EWK-105333220T,17,2017-01-10,Nieokreślone (puste pole),21*27'185,52*36'137,P4408W,Obszar zabudowany,Odcinek prosty,Droga powiatowa,Jednojezdniowa dwukierunkowa,N,POWIAT WYSZKOWSKI,WYSZKÓW - OBSZAR MIEJSKI
1,0,1,2017,Pochmurno,Najechanie na pieszego,Pochmurno,Noc - droga oświetlona,Przejście dla pieszych,EWK-105472856Y,17,2017-02-22,Lekko,21*09'084,51*24'283,P5339W,Obszar zabudowany,,Droga powiatowa,Dwie jezdnie jednokierunkowe,N,POWIAT RADOM,RADOM - OBSZAR MIEJSKI
1,0,0,2017,Pochmurno,Najechanie na pieszego,Pochmurno,Noc - droga oświetlona,Przejście dla pieszych,EWK-105472856Y,17,2017-02-22,Nieokreślone (puste pole),21*09'084,51*24'283,P5339W,Obszar zabudowany,,Droga powiatowa,Dwie jezdnie jednokierunkowe,N,POWIAT RADOM,RADOM - OBSZAR MIEJSKI
1,0,1,2017,Pochmurno,Najechanie na pieszego,Pochmurno,Noc - droga oświetlona,Przejście dla pieszych,EWK-105916305T,21,2017-05-23,Lekko,21*13'504,51*24'482,12,Obszar niezabudowany,Odcinek prosty,Droga krajowa,Jednojezdniowa dwukierunkowa,N,POWIAT RADOMSKI,JEDLNIA-LETNISKO - OBSZAR WIEJSKI
1,0,0,2017,Pochmurno,Najechanie na pieszego,Pochmurno,Noc - droga oświetlona,Przejście dla pieszych,EWK-105916305T,21,2017-05-23,Nieokreślone (puste pole),21*13'504,51*24'482,12,Obszar niezabudowany,Odcinek prosty,Droga krajowa,Jednojezdniowa dwukierunkowa,N,POWIAT RADOMSKI,JEDLNIA-LETNISKO - OBSZAR WIEJSKI
1,0,1,2017,Pochmurno,Najechanie na pieszego,Pochmurno,Noc - droga oświetlona,Przejście dla pieszych,EWK-106422946F,19,2017-09-23,Lekko,21*09'259,51*24'269,P5301W,Obszar zabudowany,,Droga powiatowa,Jednojezdniowa dwukierunkowa,N,POWIAT RADOM,RADOM - OBSZAR MIEJSKI
1,0,0,2017,Pochmurno,Najechanie na pieszego,Pochmurno,Noc - droga oświetlona,Przejście dla pieszych,EWK-106422946F,19,2017-09-23,Nieokreślone (puste pole),21*09'259,51*24'269,P5301W,Obszar zabudowany,,Droga powiatowa,Jednojezdniowa dwukierunkowa,N,POWIAT RADOM,RADOM - OBSZAR MIEJSKI
1,0,1,2017,Pochmurno,Najechanie na pieszego,Pochmurno,Noc - droga oświetlona,Przejście dla pieszych,EWK-106454199U,20,2017-10-08,Ciężko,21*08'573,51*25'465,7,Obszar zabudowany,Odcinek prosty,Droga krajowa,Dwie jezdnie jednokierunkowe,N,POWIAT RADOM,RADOM - OBSZAR MIEJSKI
1,0,0,2017,Pochmurno,Najechanie na pieszego,Pochmurno,Noc - droga oświetlona,Przejście dla pieszych,EWK-106454199U,20,2017-10-08,Nieokreślone (puste pole),21*08'573,51*25'465,7,Obszar zabudowany,Odcinek prosty,Droga krajowa,Dwie jezdnie jednokierunkowe,N,POWIAT RADOM,RADOM - OBSZAR MIEJSKI
1,0,1,2017,Pochmurno,Najechanie na pieszego,Pochmurno,Noc - droga oświetlona,Przejście dla pieszych,EWK-106571683R,20,2017-11-24,Ciężko,20*15'030,52*13'415,GMINNA,Obszar zabudowany,Odcinek prosty,Droga gminna,Jednojezdniowa dwukierunkowa,N,POWIAT SOCHACZEWSKI,SOCHACZEW - OBSZAR MIEJSKI
1,0,0,2017,Pochmurno,Najechanie na pieszego,Pochmurno,Noc - droga oświetlona,Przejście dla pieszych,EWK-106571683R,20,2017-11-24,Nieokreślone (puste pole),20*15'030,52*13'415,GMINNA,Obszar zabudowany,Odcinek prosty,Droga gminna,Jednojezdniowa dwukierunkowa,N,POWIAT SOCHACZEWSKI,SOCHACZEW - OBSZAR MIEJSKI
1,1,0,2017,Pochmurno,Najechanie na pieszego,Pochmurno,Noc - droga oświetlona,Przejście dla pieszych,EWK-106586926H,17,2017-11-28,Nieokreślone (puste pole),19*39'200,52*33'374,562,Obszar zabudowany,Odcinek prosty,Droga wojewódzka,Jednojezdniowa dwukierunkowa,N,POWIAT PŁOCK,PŁOCK - OBSZAR MIEJSKI
1,0,1,2017,Pochmurno,Najechanie na pieszego,Pochmurno,Noc - droga oświetlona,Przejście dla pieszych,EWK-106596979Y,16,2017-12-04,Lekko,22*16'359,52*9''552,GMINNA,Obszar zabudowany,,Droga gminna,Jednokierunkowa,N,POWIAT SIEDLCE,SIEDLCE - OBSZAR MIEJSKI
1,0,0,2017,Pochmurno,Najechanie na pieszego,Pochmurno,Noc - droga oświetlona,Przejście dla pieszych,EWK-106596979Y,16,2017-12-04,Nieokreślone (puste pole),22*16'359,52*9''552,GMINNA,Obszar zabudowany,,Droga gminna,Jednokierunkowa,N,POWIAT SIEDLCE,SIEDLCE - OBSZAR MIEJSKI
1,0,1,2017,Pochmurno,Najechanie na pieszego,Pochmurno,Noc - droga oświetlona,Przejście dla pieszych,EWK-106609820L,16,2017-12-08,Lekko,19*45'108,52*32'391,G520005W,Obszar zabudowany,Odcinek prosty,Droga gminna,Jednojezdniowa dwukierunkowa,N,POWIAT PŁOCK,PŁOCK - OBSZAR MIEJSKI
1,0,0,2017,Pochmurno,Najechanie na pieszego,Pochmurno,Noc - droga oświetlona,Przejście dla pieszych,EWK-106609820L,16,2017-12-08,Nieokreślone (puste pole),19*45'108,52*32'391,G520005W,Obszar zabudowany,Odcinek prosty,Droga gminna,Jednojezdniowa dwukierunkowa,N,POWIAT PŁOCK,PŁOCK - OBSZAR MIEJSKI
1,0,1,2017,Pochmurno,Najechanie na pieszego,Pochmurno,Noc - droga oświetlona,Przejście dla pieszych,EWK-106621204M,16,2017-12-15,Lekko,21*08'056,51*23'450,P5305W,Obszar zabudowany,Odcinek prosty,Droga powiatowa,Jednojezdniowa dwukierunkowa,N,POWIAT RADOM,RADOM - OBSZAR MIEJSKI
1,0,0,2017,Pochmurno,Najechanie na pieszego,Pochmurno,Noc - droga oświetlona,Przejście dla pieszych,EWK-106621204M,16,2017-12-15,Nieokreślone (puste pole),21*08'056,51*23'450,P5305W,Obszar zabudowany,Odcinek prosty,Droga powiatowa,Jednojezdniowa dwukierunkowa,N,POWIAT RADOM,RADOM - OBSZAR MIEJSKI
1,0,1,2017,Pochmurno,Najechanie na pieszego,Pochmurno,Noc - droga oświetlona,Przejście dla pieszych,EWK-106638258F,16,2017-12-23,Lekko,22*13'488,52*24'269,62,Obszar zabudowany,Odcinek prosty,Droga krajowa,Jednojezdniowa dwukierunkowa,N,POWIAT SOKOŁOWSKI,SOKOŁÓW PODLASKI - OBSZAR MIEJSKI
1,0,0,2017,Pochmurno,Najechanie na pieszego,Pochmurno,Noc - droga oświetlona,Przejście dla pieszych,EWK-106638258F,16,2017-12-23,Nieokreślone (puste pole),22*13'488,52*24'269,62,Obszar zabudowany,Odcinek prosty,Droga krajowa,Jednojezdniowa dwukierunkowa,N,POWIAT SOKOŁOWSKI,SOKOŁÓW PODLASKI - OBSZAR MIEJSKI
1,0,1,2017,Pochmurno,Najechanie na pieszego,Pochmurno,Noc - droga oświetlona,Przejście dla pieszych,EWK-106659774J,16,2017-12-20,Lekko,21*36'272,51*53'380,,Obszar zabudowany,,Nieokreślone (puste pole),Jednojezdniowa dwukierunkowa,N,POWIAT GARWOLIŃSKI,GARWOLIN - OBSZAR MIEJSKI
1,0,0,2017,Pochmurno,Najechanie na pieszego,Pochmurno,Noc - droga oświetlona,Przejście dla pieszych,EWK-106659774J,16,2017-12-20,Nieokreślone (puste pole),21*36'272,51*53'380,,Obszar zabudowany,,Nieokreślone (puste pole),Jednojezdniowa dwukierunkowa,N,POWIAT GARWOLIŃSKI,GARWOLIN - OBSZAR MIEJSKI
1,0,1,2017,Pochmurno,Najechanie na pieszego,Pochmurno,Światło dzienne,"Chodnik, droga dla pieszych",EWK-106157732J,13,2017-06-26,Lekko,21*09'321,51*24'048,P5309W,Obszar zabudowany,Odcinek prosty,Droga powiatowa,Jednojezdniowa dwukierunkowa,N,POWIAT RADOM,RADOM - OBSZAR MIEJSKI
1,0,0,2017,Pochmurno,Najechanie na pieszego,Pochmurno,Światło dzienne,"Chodnik, droga dla pieszych",EWK-106157732J,13,2017-06-26,Nieokreślone (puste pole),21*09'321,51*24'048,P5309W,Obszar zabudowany,Odcinek prosty,Droga powiatowa,Jednojezdniowa dwukierunkowa,N,POWIAT RADOM,RADOM - OBSZAR MIEJSKI
1,0,1,2017,Pochmurno,Najechanie na pieszego,Pochmurno,Światło dzienne,"Chodnik, droga dla pieszych",EWK-106521915F,10,2017-11-04,Lekko,21*34'474,53*04'175,G510234W,Obszar zabudowany,Odcinek prosty,Droga gminna,Jednojezdniowa dwukierunkowa,N,POWIAT OSTROŁĘKA,OSTROŁĘKA - OBSZAR MIEJSKI
1,0,0,2017,Pochmurno,Najechanie na pieszego,Pochmurno,Światło dzienne,"Chodnik, droga dla pieszych",EWK-106521915F,10,2017-11-04,Nieokreślone (puste pole),21*34'474,53*04'175,G510234W,Obszar zabudowany,Odcinek prosty,Droga gminna,Jednojezdniowa dwukierunkowa,N,POWIAT OSTROŁĘKA,OSTROŁĘKA - OBSZAR MIEJSKI
1,0,1,2017,Pochmurno,Najechanie na pieszego,Pochmurno,Światło dzienne,"Chodnik, droga dla pieszych",EWK-106597828Q,14,2017-12-02,Ciężko,19*42'095,52*32'291,5207W,Obszar zabudowany,Odcinek prosty,Droga powiatowa,Jednokierunkowa,N,POWIAT PŁOCK,PŁOCK - OBSZAR MIEJSKI
1,0,0,2017,Pochmurno,Najechanie na pieszego,Pochmurno,Światło dzienne,"Chodnik, droga dla pieszych",EWK-106597828Q,14,2017-12-02,Nieokreślone (puste pole),19*42'095,52*32'291,5207W,Obszar zabudowany,Odcinek prosty,Droga powiatowa,Jednokierunkowa,N,POWIAT PŁOCK,PŁOCK - OBSZAR MIEJSKI
1,0,1,2017,Pochmurno,Najechanie na pieszego,Pochmurno,Światło dzienne,Jezdnia,EWK-105586602K,16,2017-03-09,Ciężko,21*25'385,52*35'172,62,Obszar zabudowany,Odcinek prosty,Droga krajowa,Jednojezdniowa dwukierunkowa,T,POWIAT WYSZKOWSKI,WYSZKÓW - OBSZAR WIEJSKI
1,0,0,2017,Pochmurno,Najechanie na pieszego,Pochmurno,Światło dzienne,Jezdnia,EWK-105586602K,16,2017-03-09,Nieokreślone (puste pole),21*25'385,52*35'172,62,Obszar zabudowany,Odcinek prosty,Droga krajowa,Jednojezdniowa dwukierunkowa,T,POWIAT WYSZKOWSKI,WYSZKÓW - OBSZAR WIEJSKI
1,0,1,2017,Pochmurno,Najechanie na pieszego,Pochmurno,Światło dzienne,Jezdnia,EWK-105693019D,16,2017-03-23,Lekko,21*43'172,51*22'211,P4522W,Obszar zabudowany,Odcinek prosty,Droga powiatowa,Jednojezdniowa dwukierunkowa,N,POWIAT ZWOLEŃSKI,PRZYŁĘK - OBSZAR WIEJSKI
1,0,0,2017,Pochmurno,Najechanie na pieszego,Pochmurno,Światło dzienne,Jezdnia,EWK-105693019D,16,2017-03-23,Nieokreślone (puste pole),21*43'172,51*22'211,P4522W,Obszar zabudowany,Odcinek prosty,Droga powiatowa,Jednojezdniowa dwukierunkowa,N,POWIAT ZWOLEŃSKI,PRZYŁĘK - OBSZAR WIEJSKI