Liczba wypadków,Liczba zabitych,Liczba rannych,Rok,Warunki atmosferyczne,Rodzaj zdarzenia,Warunki atmosferyczne,Oświetlenie,Charakterystyka miejsca zdarzenia,IDKSIP zdarzenia,Godzina,Dzień,Ranny,GPS x,GPS y,Numer drogi,Obszar,Geometria drogi,Kategoria drogi 1,Rodzaj drogi,Czy w zdarzeniu był sprawca nietrzeźwy,Powiat,Gmina
1,0,0,2017,Pochmurno,Najechanie na pieszego,Pochmurno,Światło dzienne,Przejście dla pieszych,EWK-106558936P,8,2017-11-23,Nieokreślone (puste pole),21*08'520,51*23'473,G530028W,Obszar zabudowany,Odcinek prosty,Droga gminna,Jednokierunkowa,N,POWIAT RADOM,RADOM - OBSZAR MIEJSKI
1,0,1,2017,Pochmurno,Najechanie na pieszego,Pochmurno,Światło dzienne,Przejście dla pieszych,EWK-106629685C,12,2017-12-20,Lekko,21*09'330,51*24'072,P5309W,Obszar zabudowany,Odcinek prosty,Droga powiatowa,Jednojezdniowa dwukierunkowa,N,POWIAT RADOM,RADOM - OBSZAR MIEJSKI
1,0,0,2017,Pochmurno,Najechanie na pieszego,Pochmurno,Światło dzienne,Przejście dla pieszych,EWK-106629685C,12,2017-12-20,Nieokreślone (puste pole),21*09'330,51*24'072,P5309W,Obszar zabudowany,Odcinek prosty,Droga powiatowa,Jednojezdniowa dwukierunkowa,N,POWIAT RADOM,RADOM - OBSZAR MIEJSKI
1,0,1,2017,Pochmurno,Najechanie na pieszego,Pochmurno,Światło dzienne,Przejście dla pieszych,EWK-106634162X,12,2017-12-22,Lekko,19*41'216,52*33'364,5213W,Obszar zabudowany,Odcinek prosty,Droga powiatowa,Jednojezdniowa dwukierunkowa,N,POWIAT PŁOCK,PŁOCK - OBSZAR MIEJSKI
1,0,0,2017,Pochmurno,Najechanie na pieszego,Pochmurno,Światło dzienne,Przejście dla pieszych,EWK-106634162X,12,2017-12-22,Nieokreślone (puste pole),19*41'216,52*33'364,5213W,Obszar zabudowany,Odcinek prosty,Droga powiatowa,Jednojezdniowa dwukierunkowa,N,POWIAT PŁOCK,PŁOCK - OBSZAR MIEJSKI
1,0,1,2017,Pochmurno,Najechanie na pieszego,Pochmurno,Światło dzienne,Przejście dla pieszych,EWK-106646629T,14,2017-12-29,Lekko,21*09'128,51*23'295,P5321W,Obszar zabudowany,Odcinek prosty,Droga powiatowa,Dwie jezdnie jednokierunkowe,N,POWIAT RADOM,RADOM - OBSZAR MIEJSKI
1,0,0,2017,Pochmurno,Najechanie na pieszego,Pochmurno,Światło dzienne,Przejście dla pieszych,EWK-106646629T,14,2017-12-29,Nieokreślone (puste pole),21*09'128,51*23'295,P5321W,Obszar zabudowany,Odcinek prosty,Droga powiatowa,Dwie jezdnie jednokierunkowe,N,POWIAT RADOM,RADOM - OBSZAR MIEJSKI
1,1,0,2017,Pochmurno,Najechanie na pieszego,Pochmurno,"Świt, zmrok",Jezdnia,EWK-106301666U,3,2017-08-06,Nieokreślone (puste pole),21*50'457,52*38'477,50,Obszar niezabudowany,Odcinek prosty,Droga krajowa,Jednojezdniowa dwukierunkowa,N,POWIAT WĘGROWSKI,SADOWNE - OBSZAR WIEJSKI
1,1,0,2017,Pochmurno,Najechanie na pieszego,Pochmurno,"Świt, zmrok",Jezdnia,EWK-106348362X,20,2017-08-28,Nieokreślone (puste pole),22*21'406,52*02'574,,Obszar niezabudowany,Odcinek prosty,Nieokreślone (puste pole),Jednojezdniowa dwukierunkowa,T,POWIAT SIEDLECKI,WIŚNIEW - OBSZAR WIEJSKI
1,0,1,2017,Pochmurno,Najechanie na pieszego,Pochmurno,"Świt, zmrok",Jezdnia,EWK-106645788C,2,2017-12-29,Lekko,21*24'499,51*27'250,P3523W,Obszar niezabudowany,Odcinek prosty,Droga powiatowa,Jednojezdniowa dwukierunkowa,N,POWIAT RADOMSKI,PIONKI - OBSZAR MIEJSKI
1,0,0,2017,Pochmurno,Najechanie na pieszego,Pochmurno,"Świt, zmrok",Jezdnia,EWK-106645788C,2,2017-12-29,Nieokreślone (puste pole),21*24'499,51*27'250,P3523W,Obszar niezabudowany,Odcinek prosty,Droga powiatowa,Jednojezdniowa dwukierunkowa,N,POWIAT RADOMSKI,PIONKI - OBSZAR MIEJSKI
1,0,1,2017,Pochmurno,Najechanie na pieszego,Pochmurno,"Świt, zmrok",Przejście dla pieszych,EWK-105325418K,17,2017-01-05,Ciężko,21*34'342,53*04'210,4403W,Obszar zabudowany,,Droga powiatowa,Jednojezdniowa dwukierunkowa,N,POWIAT OSTROŁĘKA,OSTROŁĘKA - OBSZAR MIEJSKI
1,0,0,2017,Pochmurno,Najechanie na pieszego,Pochmurno,"Świt, zmrok",Przejście dla pieszych,EWK-105325418K,17,2017-01-05,Nieokreślone (puste pole),21*34'342,53*04'210,4403W,Obszar zabudowany,,Droga powiatowa,Jednojezdniowa dwukierunkowa,N,POWIAT OSTROŁĘKA,OSTROŁĘKA - OBSZAR MIEJSKI
1,0,1,2017,Pochmurno,Najechanie na pieszego,Pochmurno,"Świt, zmrok",Przejście dla pieszych,EWK-105330917L,15,2017-01-09,Lekko,21*34'342,53*04'212,4403W,Obszar zabudowany,,Droga powiatowa,Jednojezdniowa dwukierunkowa,N,POWIAT OSTROŁĘKA,OSTROŁĘKA - OBSZAR MIEJSKI
1,0,0,2017,Pochmurno,Najechanie na pieszego,Pochmurno,"Świt, zmrok",Przejście dla pieszych,EWK-105330917L,15,2017-01-09,Nieokreślone (puste pole),21*34'342,53*04'212,4403W,Obszar zabudowany,,Droga powiatowa,Jednojezdniowa dwukierunkowa,N,POWIAT OSTROŁĘKA,OSTROŁĘKA - OBSZAR MIEJSKI
1,2,0,2017,Pochmurno,Najechanie na pieszego,Pochmurno,"Świt, zmrok",Przejście dla pieszych,EWK-106361045Y,5,2017-09-04,Nieokreślone (puste pole),20*27'114,52*02'320,GMINNA,Obszar zabudowany,,Droga gminna,Jednojezdniowa dwukierunkowa,N,POWIAT ŻYRARDOWSKI,ŻYRARDÓW - OBSZAR MIEJSKI
1,0,1,2017,Pochmurno,Najechanie na pieszego,Pochmurno,"Świt, zmrok",Przejście dla pieszych,EWK-106593055C,16,2017-12-01,Lekko,22*01'061,52*23'448,P4262W,Obszar zabudowany,,Droga powiatowa,Jednojezdniowa dwukierunkowa,N,POWIAT WĘGROWSKI,WĘGRÓW - OBSZAR MIEJSKI
1,0,0,2017,Pochmurno,Najechanie na pieszego,Pochmurno,"Świt, zmrok",Przejście dla pieszych,EWK-106593055C,16,2017-12-01,Nieokreślone (puste pole),22*01'061,52*23'448,P4262W,Obszar zabudowany,,Droga powiatowa,Jednojezdniowa dwukierunkowa,N,POWIAT WĘGROWSKI,WĘGRÓW - OBSZAR MIEJSKI
1,0,1,2017,Pochmurno,Najechanie na pieszego,Pochmurno,"Świt, zmrok",Przejście dla pieszych,EWK-106601659T,17,2017-12-06,Ciężko,21*34'349,53*04'529,G510201W,Obszar zabudowany,,Droga gminna,Jednokierunkowa,N,POWIAT OSTROŁĘKA,OSTROŁĘKA - OBSZAR MIEJSKI
1,0,0,2017,Pochmurno,Najechanie na pieszego,Pochmurno,"Świt, zmrok",Przejście dla pieszych,EWK-106601659T,17,2017-12-06,Nieokreślone (puste pole),21*34'349,53*04'529,G510201W,Obszar zabudowany,,Droga gminna,Jednokierunkowa,N,POWIAT OSTROŁĘKA,OSTROŁĘKA - OBSZAR MIEJSKI
1,0,1,2017,Pochmurno,Najechanie na pieszego,Pochmurno,"Świt, zmrok",Przejście dla pieszych,EWK-106603027G,6,2017-12-07,Ciężko,21*09'370,51*23'024,P3539W,Obszar zabudowany,Odcinek prosty,Droga powiatowa,Jednokierunkowa,N,POWIAT RADOM,RADOM - OBSZAR MIEJSKI
1,0,0,2017,Pochmurno,Najechanie na pieszego,Pochmurno,"Świt, zmrok",Przejście dla pieszych,EWK-106603027G,6,2017-12-07,Nieokreślone (puste pole),21*09'370,51*23'024,P3539W,Obszar zabudowany,Odcinek prosty,Droga powiatowa,Jednokierunkowa,N,POWIAT RADOM,RADOM - OBSZAR MIEJSKI
1,0,1,2017,Pochmurno,Najechanie na pieszego,Pochmurno,"Świt, zmrok",Przejście dla pieszych,EWK-106625905W,15,2017-12-18,Lekko,20*37'060,52*52'360,G121267W,Obszar zabudowany,,Droga gminna,Jednojezdniowa dwukierunkowa,N,POWIAT CIECHANOWSKI,CIECHANÓW - OBSZAR MIEJSKI
1,0,0,2017,Pochmurno,Najechanie na pieszego,Pochmurno,"Świt, zmrok",Przejście dla pieszych,EWK-106625905W,15,2017-12-18,Nieokreślone (puste pole),20*37'060,52*52'360,G121267W,Obszar zabudowany,,Droga gminna,Jednojezdniowa dwukierunkowa,N,POWIAT CIECHANOWSKI,CIECHANÓW - OBSZAR MIEJSKI
1,0,1,2017,Pochmurno,Najechanie na pieszego,Pochmurno,"Świt, zmrok",Przejście dla pieszych,EWK-106628116T,14,2017-12-11,Lekko,20*36'360,52*51'490,G121181W,Obszar zabudowany,,Droga gminna,Jednojezdniowa dwukierunkowa,N,POWIAT CIECHANOWSKI,CIECHANÓW - OBSZAR MIEJSKI
1,0,0,2017,Pochmurno,Najechanie na pieszego,Pochmurno,"Świt, zmrok",Przejście dla pieszych,EWK-106628116T,14,2017-12-11,Nieokreślone (puste pole),20*36'360,52*51'490,G121181W,Obszar zabudowany,,Droga gminna,Jednojezdniowa dwukierunkowa,N,POWIAT CIECHANOWSKI,CIECHANÓW - OBSZAR MIEJSKI
1,0,1,2017,Pochmurno; Opady deszczu,Najechanie na pieszego,Pochmurno; Opady deszczu,Noc - droga nieoświetlona,Jezdnia,EWK-106358269U,19,2017-09-02,Lekko,20*58'111,51*13'054,G400209W,Obszar niezabudowany,Odcinek prosty,Droga gminna,Jednojezdniowa dwukierunkowa,N,POWIAT SZYDŁOWIECKI,JASTRZĄB - OBSZAR WIEJSKI
1,0,0,2017,Pochmurno; Opady deszczu,Najechanie na pieszego,Pochmurno; Opady deszczu,Noc - droga nieoświetlona,Jezdnia,EWK-106358269U,19,2017-09-02,Nieokreślone (puste pole),20*58'111,51*13'054,G400209W,Obszar niezabudowany,Odcinek prosty,Droga gminna,Jednojezdniowa dwukierunkowa,N,POWIAT SZYDŁOWIECKI,JASTRZĄB - OBSZAR WIEJSKI
1,0,1,2017,Pochmurno; Opady deszczu,Najechanie na pieszego,Pochmurno; Opady deszczu,Noc - droga nieoświetlona,Jezdnia,EWK-106360006C,21,2017-09-02,Ciężko,21*53'542,52*30'340,P4207W,Obszar zabudowany,"Zakręt, łuk",Droga powiatowa,Jednojezdniowa dwukierunkowa,N,POWIAT WĘGROWSKI,STOCZEK - OBSZAR WIEJSKI
1,0,0,2017,Pochmurno; Opady deszczu,Najechanie na pieszego,Pochmurno; Opady deszczu,Noc - droga nieoświetlona,Jezdnia,EWK-106360006C,21,2017-09-02,Nieokreślone (puste pole),21*53'542,52*30'340,P4207W,Obszar zabudowany,"Zakręt, łuk",Droga powiatowa,Jednojezdniowa dwukierunkowa,N,POWIAT WĘGROWSKI,STOCZEK - OBSZAR WIEJSKI
1,0,1,2017,Pochmurno; Opady deszczu,Najechanie na pieszego,Pochmurno; Opady deszczu,Noc - droga oświetlona,Przejście dla pieszych,EWK-105498741K,18,2017-03-02,Lekko,19*42'075,52*32'520,60,Obszar zabudowany,,Droga krajowa,Dwie jezdnie jednokierunkowe,N,POWIAT PŁOCK,PŁOCK - OBSZAR MIEJSKI
1,0,0,2017,Pochmurno; Opady deszczu,Najechanie na pieszego,Pochmurno; Opady deszczu,Noc - droga oświetlona,Przejście dla pieszych,EWK-105498741K,18,2017-03-02,Nieokreślone (puste pole),19*42'075,52*32'520,60,Obszar zabudowany,,Droga krajowa,Dwie jezdnie jednokierunkowe,N,POWIAT PŁOCK,PŁOCK - OBSZAR MIEJSKI
1,0,1,2017,Pochmurno; Opady deszczu,Najechanie na pieszego,Pochmurno; Opady deszczu,Noc - droga oświetlona,Przejście dla pieszych,EWK-106448799M,18,2017-10-05,Ciężko,21*34'280,53*04'334,4403W,Obszar zabudowany,Odcinek prosty,Droga powiatowa,Jednojezdniowa dwukierunkowa,N,POWIAT OSTROŁĘKA,OSTROŁĘKA - OBSZAR MIEJSKI
1,0,0,2017,Pochmurno; Opady deszczu,Najechanie na pieszego,Pochmurno; Opady deszczu,Noc - droga oświetlona,Przejście dla pieszych,EWK-106448799M,18,2017-10-05,Nieokreślone (puste pole),21*34'280,53*04'334,4403W,Obszar zabudowany,Odcinek prosty,Droga powiatowa,Jednojezdniowa dwukierunkowa,N,POWIAT OSTROŁĘKA,OSTROŁĘKA - OBSZAR MIEJSKI
1,0,1,2017,Pochmurno; Opady deszczu,Najechanie na pieszego,Pochmurno; Opady deszczu,Noc - droga oświetlona,Przejście dla pieszych,EWK-106521643D,16,2017-11-03,Lekko,21*52'478,52*47'511,GMINNA,Obszar zabudowany,Odcinek prosty,Droga gminna,Jednojezdniowa dwukierunkowa,N,POWIAT OSTROWSKI,OSTRÓW MAZOWIECKA - OBSZAR MIEJSKI
1,0,0,2017,Pochmurno; Opady deszczu,Najechanie na pieszego,Pochmurno; Opady deszczu,Noc - droga oświetlona,Przejście dla pieszych,EWK-106521643D,16,2017-11-03,Nieokreślone (puste pole),21*52'478,52*47'511,GMINNA,Obszar zabudowany,Odcinek prosty,Droga gminna,Jednojezdniowa dwukierunkowa,N,POWIAT OSTROWSKI,OSTRÓW MAZOWIECKA - OBSZAR MIEJSKI
1,0,1,2017,Pochmurno; Opady deszczu,Najechanie na pieszego,Pochmurno; Opady deszczu,Noc - droga oświetlona,Przejście dla pieszych,EWK-106558011X,21,2017-11-22,Lekko,19*44'007,52*23'548,577,Obszar zabudowany,Odcinek prosty,Droga wojewódzka,Jednojezdniowa dwukierunkowa,N,POWIAT PŁOCKI,GĄBIN - OBSZAR MIEJSKI
1,0,0,2017,Pochmurno; Opady deszczu,Najechanie na pieszego,Pochmurno; Opady deszczu,Noc - droga oświetlona,Przejście dla pieszych,EWK-106558011X,21,2017-11-22,Nieokreślone (puste pole),19*44'007,52*23'548,577,Obszar zabudowany,Odcinek prosty,Droga wojewódzka,Jednojezdniowa dwukierunkowa,N,POWIAT PŁOCKI,GĄBIN - OBSZAR MIEJSKI
1,0,1,2017,Pochmurno; Opady deszczu,Najechanie na pieszego,Pochmurno; Opady deszczu,Noc - droga oświetlona,Przejście dla pieszych,EWK-106599746G,17,2017-12-05,Lekko,21*34'487,53*04'538,P5102W,Obszar zabudowany,,Droga powiatowa,Dwie jezdnie jednokierunkowe,N,POWIAT OSTROŁĘKA,OSTROŁĘKA - OBSZAR MIEJSKI
1,0,0,2017,Pochmurno; Opady deszczu,Najechanie na pieszego,Pochmurno; Opady deszczu,Noc - droga oświetlona,Przejście dla pieszych,EWK-106599746G,17,2017-12-05,Nieokreślone (puste pole),21*34'487,53*04'538,P5102W,Obszar zabudowany,,Droga powiatowa,Dwie jezdnie jednokierunkowe,N,POWIAT OSTROŁĘKA,OSTROŁĘKA - OBSZAR MIEJSKI
1,0,1,2017,Pochmurno; Opady deszczu,Najechanie na pieszego,Pochmurno; Opady deszczu,Noc - droga oświetlona,Przejście dla pieszych,EWK-106601628M,16,2017-12-06,Lekko,19*41'218,52*32'453,5207W,Obszar zabudowany,Odcinek prosty,Droga powiatowa,Jednokierunkowa,N,POWIAT PŁOCK,PŁOCK - OBSZAR MIEJSKI
1,0,0,2017,Pochmurno; Opady deszczu,Najechanie na pieszego,Pochmurno; Opady deszczu,Noc - droga oświetlona,Przejście dla pieszych,EWK-106601628M,16,2017-12-06,Nieokreślone (puste pole),19*41'218,52*32'453,5207W,Obszar zabudowany,Odcinek prosty,Droga powiatowa,Jednokierunkowa,N,POWIAT PŁOCK,PŁOCK - OBSZAR MIEJSKI
1,0,1,2017,Pochmurno; Opady deszczu,Najechanie na pieszego,Pochmurno; Opady deszczu,Noc - droga oświetlona,Przejście dla pieszych,EWK-106633317L,20,2017-12-21,Ciężko,21*06'005,52*51'542,60,Obszar zabudowany,,Droga krajowa,Jednojezdniowa dwukierunkowa,T,POWIAT MAKOWSKI,MAKÓW MAZOWIECKI - OBSZAR MIEJSKI
1,0,0,2017,Pochmurno; Opady deszczu,Najechanie na pieszego,Pochmurno; Opady deszczu,Noc - droga oświetlona,Przejście dla pieszych,EWK-106633317L,20,2017-12-21,Nieokreślone (puste pole),21*06'005,52*51'542,60,Obszar zabudowany,,Droga krajowa,Jednojezdniowa dwukierunkowa,T,POWIAT MAKOWSKI,MAKÓW MAZOWIECKI - OBSZAR MIEJSKI
1,0,1,2017,Pochmurno; Opady deszczu,Najechanie na pieszego,Pochmurno; Opady deszczu,Noc - droga oświetlona,Przejście dla pieszych,EWK-106633739A,5,2017-12-22,Ciężko,21*07'435,51*22'448,744,Obszar zabudowany,,Droga wojewódzka,Dwie jezdnie jednokierunkowe,N,POWIAT RADOM,RADOM - OBSZAR MIEJSKI
1,0,0,2017,Pochmurno; Opady deszczu,Najechanie na pieszego,Pochmurno; Opady deszczu,Noc - droga oświetlona,Przejście dla pieszych,EWK-106633739A,5,2017-12-22,Nieokreślone (puste pole),21*07'435,51*22'448,744,Obszar zabudowany,,Droga wojewódzka,Dwie jezdnie jednokierunkowe,N,POWIAT RADOM,RADOM - OBSZAR MIEJSKI
1,0,2,2017,Pochmurno; Opady deszczu,Najechanie na pieszego,Pochmurno; Opady deszczu,Światło dzienne,"Chodnik, droga dla pieszych",EWK-105753417T,7,2017-04-12,Ciężko,19*47'460,52*36'200,60,Obszar zabudowany,Odcinek prosty,Droga krajowa,Jednojezdniowa dwukierunkowa,T,POWIAT PŁOCKI,BIELSK - OBSZAR WIEJSKI
1,0,0,2017,Pochmurno; Opady deszczu,Najechanie na pieszego,Pochmurno; Opady deszczu,Światło dzienne,"Chodnik, droga dla pieszych",EWK-105753417T,7,2017-04-12,Nieokreślone (puste pole),19*47'460,52*36'200,60,Obszar zabudowany,Odcinek prosty,Droga krajowa,Jednojezdniowa dwukierunkowa,T,POWIAT PŁOCKI,BIELSK - OBSZAR WIEJSKI
1,0,1,2017,Pochmurno; Opady deszczu,Najechanie na pieszego,Pochmurno; Opady deszczu,Światło dzienne,Jezdnia,EWK-106414239F,13,2017-09-20,Ciężko,21*09'008,51*24'169,P5339W,Obszar zabudowany,Odcinek prosty,Droga powiatowa,Jednojezdniowa dwukierunkowa,N,POWIAT RADOM,RADOM - OBSZAR MIEJSKI
1,0,0,2017,Pochmurno; Opady deszczu,Najechanie na pieszego,Pochmurno; Opady deszczu,Światło dzienne,Jezdnia,EWK-106414239F,13,2017-09-20,Nieokreślone (puste pole),21*09'008,51*24'169,P5339W,Obszar zabudowany,Odcinek prosty,Droga powiatowa,Jednojezdniowa dwukierunkowa,N,POWIAT RADOM,RADOM - OBSZAR MIEJSKI
1,0,1,2017,Pochmurno; Opady deszczu,Najechanie na pieszego,Pochmurno; Opady deszczu,Światło dzienne,Jezdnia,EWK-106420925X,8,2017-09-23,Lekko,21*36'486,51*53'439,,Obszar zabudowany,,Nieokreślone (puste pole),Jednojezdniowa dwukierunkowa,N,POWIAT GARWOLIŃSKI,GARWOLIN - OBSZAR MIEJSKI
1,0,0,2017,Pochmurno; Opady deszczu,Najechanie na pieszego,Pochmurno; Opady deszczu,Światło dzienne,Jezdnia,EWK-106420925X,8,2017-09-23,Nieokreślone (puste pole),21*36'486,51*53'439,,Obszar zabudowany,,Nieokreślone (puste pole),Jednojezdniowa dwukierunkowa,N,POWIAT GARWOLIŃSKI,GARWOLIN - OBSZAR MIEJSKI
1,0,1,2017,Pochmurno; Opady deszczu,Najechanie na pieszego,Pochmurno; Opady deszczu,Światło dzienne,Jezdnia,EWK-106448015D,8,2017-10-05,Lekko,22*18'124,52*09'552,,Obszar zabudowany,Odcinek prosty,Nieokreślone (puste pole),Jednojezdniowa dwukierunkowa,N,POWIAT SIEDLCE,SIEDLCE - OBSZAR MIEJSKI
1,0,0,2017,Pochmurno; Opady deszczu,Najechanie na pieszego,Pochmurno; Opady deszczu,Światło dzienne,Jezdnia,EWK-106448015D,8,2017-10-05,Nieokreślone (puste pole),22*18'124,52*09'552,,Obszar zabudowany,Odcinek prosty,Nieokreślone (puste pole),Jednojezdniowa dwukierunkowa,N,POWIAT SIEDLCE,SIEDLCE - OBSZAR MIEJSKI
1,0,1,2017,Pochmurno; Opady deszczu,Najechanie na pieszego,Pochmurno; Opady deszczu,Światło dzienne,Jezdnia,EWK-106538194U,10,2017-11-10,Ciężko,19*54'481,53*04'064,GMINNA,Obszar zabudowany,,Droga gminna,Jednojezdniowa dwukierunkowa,N,POWIAT ŻUROMIŃSKI,ŻUROMIN - OBSZAR MIEJSKI
1,0,0,2017,Pochmurno; Opady deszczu,Najechanie na pieszego,Pochmurno; Opady deszczu,Światło dzienne,Jezdnia,EWK-106538194U,10,2017-11-10,Nieokreślone (puste pole),19*54'481,53*04'064,GMINNA,Obszar zabudowany,,Droga gminna,Jednojezdniowa dwukierunkowa,N,POWIAT ŻUROMIŃSKI,ŻUROMIN - OBSZAR MIEJSKI
1,0,1,2017,Pochmurno; Opady deszczu,Najechanie na pieszego,Pochmurno; Opady deszczu,Światło dzienne,Przejście dla pieszych,EWK-105361597D,8,2017-01-21,Lekko,19*42'160,52*32'268,P0244T,Obszar zabudowany,,Droga powiatowa,Jednojezdniowa dwukierunkowa,N,POWIAT PŁOCK,PŁOCK - OBSZAR MIEJSKI
1,0,0,2017,Pochmurno; Opady deszczu,Najechanie na pieszego,Pochmurno; Opady deszczu,Światło dzienne,Przejście dla pieszych,EWK-105361597D,8,2017-01-21,Nieokreślone (puste pole),19*42'160,52*32'268,P0244T,Obszar zabudowany,,Droga powiatowa,Jednojezdniowa dwukierunkowa,N,POWIAT PŁOCK,PŁOCK - OBSZAR MIEJSKI
1,0,1,2017,Pochmurno; Opady deszczu,Najechanie na pieszego,Pochmurno; Opady deszczu,Światło dzienne,Przejście dla pieszych,EWK-106418529R,8,2017-09-22,Ciężko,19*41'326,52*33'028,60,Obszar zabudowany,Odcinek prosty,Droga krajowa,Jednojezdniowa dwukierunkowa,N,POWIAT PŁOCK,PŁOCK - OBSZAR MIEJSKI
1,0,0,2017,Pochmurno; Opady deszczu,Najechanie na pieszego,Pochmurno; Opady deszczu,Światło dzienne,Przejście dla pieszych,EWK-106418529R,8,2017-09-22,Nieokreślone (puste pole),19*41'326,52*33'028,60,Obszar zabudowany,Odcinek prosty,Droga krajowa,Jednojezdniowa dwukierunkowa,N,POWIAT PŁOCK,PŁOCK - OBSZAR MIEJSKI
1,0,1,2017,Pochmurno; Opady deszczu,Najechanie na pieszego,Pochmurno; Opady deszczu,"Świt, zmrok",Jezdnia,EWK-105689323N,17,2017-03-22,Lekko,21*10'202,51*24'044,G530069W,Obszar zabudowany,Odcinek prosty,Droga gminna,Jednojezdniowa dwukierunkowa,N,POWIAT RADOM,RADOM - OBSZAR MIEJSKI
1,0,0,2017,Pochmurno; Opady deszczu,Najechanie na pieszego,Pochmurno; Opady deszczu,"Świt, zmrok",Jezdnia,EWK-105689323N,17,2017-03-22,Nieokreślone (puste pole),21*10'202,51*24'044,G530069W,Obszar zabudowany,Odcinek prosty,Droga gminna,Jednojezdniowa dwukierunkowa,N,POWIAT RADOM,RADOM - OBSZAR MIEJSKI
1,1,0,2017,"Pochmurno; Opady deszczu; Mgła, dym",Najechanie na pieszego,"Pochmurno; Opady deszczu; Mgła, dym",Noc - droga nieoświetlona,Jezdnia,EWK-106621395H,20,2017-12-15,Nieokreślone (puste pole),21*27'529,52*34'301,GMINNA,Obszar niezabudowany,Odcinek prosty,Droga gminna,Jednojezdniowa dwukierunkowa,N,POWIAT WYSZKOWSKI,WYSZKÓW - OBSZAR WIEJSKI
1,0,1,2017,"Pochmurno; Opady deszczu; Opady śniegu, gradu",Najechanie na pieszego,"Pochmurno; Opady deszczu; Opady śniegu, gradu",Światło dzienne,Jezdnia,EWK-106595253G,14,2017-11-17,Lekko,20*23'123,52*36'575,G300887W,Obszar zabudowany,Odcinek prosty,Droga gminna,Jednojezdniowa dwukierunkowa,N,POWIAT PŁOŃSKI,PŁOŃSK - OBSZAR MIEJSKI
1,0,0,2017,"Pochmurno; Opady deszczu; Opady śniegu, gradu",Najechanie na pieszego,"Pochmurno; Opady deszczu; Opady śniegu, gradu",Światło dzienne,Jezdnia,EWK-106595253G,14,2017-11-17,Nieokreślone (puste pole),20*23'123,52*36'575,G300887W,Obszar zabudowany,Odcinek prosty,Droga gminna,Jednojezdniowa dwukierunkowa,N,POWIAT PŁOŃSKI,PŁOŃSK - OBSZAR MIEJSKI
1,0,1,2017,"Pochmurno; Opady śniegu, gradu",Najechanie na pieszego,"Pochmurno; Opady śniegu, gradu",Światło dzienne,Jezdnia,EWK-106629523D,10,2017-12-20,Ciężko,21*09'050,51*25'219,7,Obszar zabudowany,,Droga krajowa,Dwie jezdnie jednokierunkowe,N,POWIAT RADOM,RADOM - OBSZAR MIEJSKI
1,0,0,2017,"Pochmurno; Opady śniegu, gradu",Najechanie na pieszego,"Pochmurno; Opady śniegu, gradu",Światło dzienne,Jezdnia,EWK-106629523D,10,2017-12-20,Nieokreślone (puste pole),21*09'050,51*25'219,7,Obszar zabudowany,,Droga krajowa,Dwie jezdnie jednokierunkowe,N,POWIAT RADOM,RADOM - OBSZAR MIEJSKI
1,0,1,2017,Silny wiatr,Najechanie na pieszego,Silny wiatr,Noc - droga nieoświetlona,Jezdnia,EWK-105602721G,19,2017-03-15,Ciężko,20*09'166,52*44'110,P3021W,Obszar niezabudowany,Odcinek prosty,Droga powiatowa,Jednojezdniowa dwukierunkowa,N,POWIAT PŁOŃSKI,RACIĄŻ - OBSZAR WIEJSKI
1,0,0,2017,Silny wiatr,Najechanie na pieszego,Silny wiatr,Noc - droga nieoświetlona,Jezdnia,EWK-105602721G,19,2017-03-15,Nieokreślone (puste pole),20*09'166,52*44'110,P3021W,Obszar niezabudowany,Odcinek prosty,Droga powiatowa,Jednojezdniowa dwukierunkowa,N,POWIAT PŁOŃSKI,RACIĄŻ - OBSZAR WIEJSKI
1,0,1,2017,Silny wiatr,Najechanie na pieszego,Silny wiatr,Noc - droga oświetlona,Przejście dla pieszych,EWK-105324743N,23,2017-01-04,Lekko,21*09'301,51*25'334,9,Obszar zabudowany,Odcinek prosty,Droga krajowa,Dwie jezdnie jednokierunkowe,N,POWIAT RADOM,RADOM - OBSZAR MIEJSKI
1,0,0,2017,Silny wiatr,Najechanie na pieszego,Silny wiatr,Noc - droga oświetlona,Przejście dla pieszych,EWK-105324743N,23,2017-01-04,Nieokreślone (puste pole),21*09'301,51*25'334,9,Obszar zabudowany,Odcinek prosty,Droga krajowa,Dwie jezdnie jednokierunkowe,N,POWIAT RADOM,RADOM - OBSZAR MIEJSKI
1,0,1,2017,Silny wiatr,Najechanie na pieszego,Silny wiatr,Noc - droga oświetlona,Przejście dla pieszych,EWK-106509272W,17,2017-10-29,Ciężko,21*34'434,53*05'216,61,Obszar zabudowany,,Droga krajowa,Dwie jezdnie jednokierunkowe,N,POWIAT OSTROŁĘKA,OSTROŁĘKA - OBSZAR MIEJSKI
1,0,0,2017,Silny wiatr,Najechanie na pieszego,Silny wiatr,Noc - droga oświetlona,Przejście dla pieszych,EWK-106509272W,17,2017-10-29,Nieokreślone (puste pole),21*34'434,53*05'216,61,Obszar zabudowany,,Droga krajowa,Dwie jezdnie jednokierunkowe,N,POWIAT OSTROŁĘKA,OSTROŁĘKA - OBSZAR MIEJSKI